Name,Slug,Description,Address,City,State,Zip,Phone,Website URL,Google Maps URL,Photo URL,Hours,Services,Specialties,Type,Price Range,Rating,Review Count,Status,Featured,Date Added,Latitude,Longitude
Blackfoot Pet Grooming,blackfoot-pet-grooming-blackfoot-id,"{""Accessibility"": {""Wheelchair accessible parking lot"": true}}",371 ID-39 #10,Blackfoot,Idaho,83221,(208) 785-6789,http://blackfootpetgrooming.com/,"https://www.google.com/maps/place/Blackfoot+Pet+Grooming/@43.1985751,-112.3713415,14z/data=!4m8!1m2!2m1!1sBlackfoot+Pet+Grooming!3m4!1s0x53551010b2b5156b:0xbfebcf1d1596f649!8m2!3d43.1985751!4d-112.3713415",https://lh3.googleusercontent.com/gps-cs-s/AHVAweomOYW-0teRXCBrNQg2rNOsKr-Te3kYqlHZKvLlqyUNO061GHEFwaq2vqhEKZr329eVFJiaqMjJ5KDxob4PQ9Ec2bqFIcMf1G0P7iPYhsTqSZUpnlW9Yd6ToUHYQJXOKbf-5u6g=w800-h500-k-no,"Monday: 9AM–4:30PM, Tuesday: 9AM–4:30PM, Wednesday: 9AM–4:30PM, Thursday: 9AM–4:30PM, Friday: 9AM–4:30PM, Saturday: Closed, Sunday: Closed",,,Full-Service Salon,,4.2,58.0,Active,False,2026-04-01,43.1985751,-112.3713415
Wiggles N’ Waggles Pet Resort & sPAW,wiggles-n-waggles-pet-resort-spaw-blackfoot-id,"{""From the business"": {""Identifies as veteran-owned"": true, ""Identifies as women-owned"": true}, ""Accessibility"": {""Wheelchair accessible parking lot"": true}, ""Other"": {""Identifies as veteran-owned"": true, ""Identifies as women-owned"": true}}",1311 NW Main St,Blackfoot,Idaho,83221,(208) 357-0889,https://wigglesnwaggles.com/,"https://www.google.com/maps/place/Wiggles+N%E2%80%99+Waggles+Pet+Resort+%26+sPAW/@43.198706,-112.33453569999999,14z/data=!4m8!1m2!2m1!1sWiggles+N%E2%80%99+Waggles+Pet+Resort+%26+sPAW!3m4!1s0x53551abd842669b9:0x3fd07212e04f5ddb!8m2!3d43.198706!4d-112.33453569999999",https://lh3.googleusercontent.com/gps-cs-s/AHVAwepXkyzEb4OGsXLHhvBLVSl90kUcU0dvhWd_xoUJ0LqebmQfzMWQl2eIzhhg19PFeOIqPPVHUIkMPN_1cKigGzvN-M1G6Ey5DwPCQTD1JdK96_nvBzUJJ7HP0ZvfzaqlR6mF1F9q=w800-h500-k-no,"Monday: 7AM–6PM, Tuesday: 7AM–6PM, Wednesday: 7AM–6PM, Thursday: 7AM–6PM, Friday: 7AM–6PM, Saturday: 7AM–6PM, Sunday: 4–5PM",,,Full-Service Salon,,4.8,317.0,Active,False,2026-04-01,43.198706,-112.3345357
Paws and Suds In The Heights,paws-and-suds-in-the-heights-north-bergen-nj,"{""Payments"": {""NFC mobile payments"": true}}",4406 Bergen Turnpike,North Bergen,New Jersey,7047,(551) 375-9517,https://pawsandsuds.com/,"https://www.google.com/maps/place/Paws+and+Suds+In+The+Heights/@40.7834068,-74.0330262,14z/data=!4m8!1m2!2m1!1sPaws+and+Suds+In+The+Heights!3m4!1s0x89c2572205baebeb:0x788616cf3c4eb6af!8m2!3d40.7834068!4d-74.0330262",https://lh3.googleusercontent.com/gps-cs-s/AHVAweoCoYCsKpPhNsqzc8V5-HIjioTdajC5pSTAFAWomQhQvYk-vkSqYq2pdZ9iIBaOmkeCMRvlOAJuSsA_8xBurNARySXPBj3vGvzRvijiZBKiEC7or8VIA9xdIUN4IEM7xIgsjerqDQ=w800-h500-k-no,"Monday: 9AM–5PM, Tuesday: 9AM–5PM, Wednesday: 9AM–5PM, Thursday: 10AM–5PM, Friday: 9AM–5PM, Saturday: 9AM–5PM, Sunday: Closed",,,Full-Service Salon,,4.8,50.0,Active,False,2026-04-01,40.7834068,-74.0330262
Paws and Suds Pet Grooming,paws-and-suds-pet-grooming-union-city-nj,"{""Payments"": {""Debit cards"": true, ""NFC mobile payments"": true, ""Credit cards"": true}}",500 Central Ave Unit 108,Union City,New Jersey,7087,(201) 360-0161,http://www.pawsandsuds.com/,"https://www.google.com/maps/place/Paws+and+Suds+Pet+Grooming/@40.756126099999996,-74.04275299999999,14z/data=!4m8!1m2!2m1!1sPaws+and+Suds+Pet+Grooming!3m4!1s0x89c2573dc6bcc2a3:0xac1db2652f54c92f!8m2!3d40.756126099999996!4d-74.04275299999999",https://lh3.googleusercontent.com/gps-cs-s/AHVAweqxjwOJcQuo_L58y-4fyB5yZrSL-pcQYS_fAHG9uP3m9sH5mgc11v6XtvRS5uEg_gW3gZOY6pSwkKqjKVjt_mBg-bKak-pK95XixbfEsZBnBKXV_kY-Av2rKJPtli3ine2nEy64GQ=w800-h500-k-no,"Monday: Closed, Tuesday: 10:30AM–6PM, Wednesday: 10:30AM–6PM, Thursday: 10:30AM–6PM, Friday: 10:30AM–6PM, Saturday: 10:30AM–6PM, Sunday: Closed",,,Full-Service Salon,,4.7,125.0,Active,False,2026-04-01,40.7561261,-74.04275299999999
Furrs N' Purrs,furrs-n-purrs-clifton-nj,"{""Service options"": {""Onsite services"": true}, ""Payments"": {""Credit cards"": true, ""Debit cards"": true, ""NFC mobile payments"": true}}",159 Valley Rd,Clifton,New Jersey,7013,(973) 279-8787,https://instagram.com/furrsnpurrsgrooming%3Figshid%3DNGVhN2U2NjQ0Yg%3D%3D,"https://www.google.com/maps/place/Furrs+N%27+Purrs/@40.8929019,-74.17469779999999,14z/data=!4m8!1m2!2m1!1sFurrs+N%27+Purrs!3m4!1s0x89c2fe7cf73581df:0x1be7d9e48a72ebf!8m2!3d40.8929019!4d-74.17469779999999",https://lh3.googleusercontent.com/gps-cs-s/AHVAweogZkN1p4t1rpee_mQvWSoFd7WalpGpCvVzR-LutprEn_yX39_aFRRq0qCv9CMY3jStFgD7jgWGYzUImACZVWh2Yo0VlD602ranikLUlz2Abss_IAo-UNVlWX5qgRAIFoRkZn8=w800-h500-k-no,"Monday: 9AM–4PM, Tuesday: 9AM–4PM, Wednesday: 9AM–4PM, Thursday: Closed, Friday: 9AM–4PM, Saturday: 9AM–4PM, Sunday: 9AM–4PM",,,Full-Service Salon,,4.7,407.0,Active,False,2026-04-01,40.8929019,-74.17469779999999
Groomer at Home,groomer-at-home-north-bergen-nj,"{""From the business"": {""Identifies as women-owned"": true}, ""Service options"": {""Language assistance"": ""English, Spanish""}, ""Other"": {""Identifies as women-owned"": true}}",1122 53rd St,North Bergen,New Jersey,7047,(347) 938-0857,http://www.groomerathome.com/,"https://www.google.com/maps/place/Groomer+at+Home/@40.7859311,-74.0241223,14z/data=!4m8!1m2!2m1!1sGroomer+at+Home!3m4!1s0x89c259e6288d06f1:0x1d96a485ae5645f6!8m2!3d40.7859311!4d-74.0241223",https://lh3.googleusercontent.com/gps-cs-s/AHVAwepa-00E7eNfNbkeA28hSofDTsC198g4-2z0RJaxQBaYT1dxg_TIaxS5MaoDWyM58sULQTjacUoB2EZRmLeFI05l7tkSdDYWPUeLHbCKAn-PSRr7YMd_c5jTUmTJ4mGbpM6V4vim=w800-h500-k-no,"Monday: 7AM–3PM, Tuesday: 7AM–3PM, Wednesday: 7AM–3PM, Thursday: 7AM–3PM, Friday: 7AM–2PM, Saturday: Closed, Sunday: Closed",Cat Grooming,Cat Grooming,Full-Service Salon,,4.9,80.0,Active,False,2026-04-01,40.7859311,-74.0241223
Bows N Paws Pet Studio,bows-n-paws-pet-studio-clifton-nj,"{""Service options"": {""Onsite services"": true, ""Language assistance"": ""Korean""}, ""Accessibility"": {""Wheelchair accessible entrance"": true, ""Wheelchair accessible parking lot"": true}, ""Payments"": {""Credit cards"": true, ""Debit cards"": true, ""NFC mobile payments"": true}}",270 Colfax Ave,Clifton,New Jersey,7013,(973) 246-4838,http://www.bowsnpawsnj.com/,"https://www.google.com/maps/place/Bows+N+Paws+Pet+Studio/@40.870263,-74.1608377,14z/data=!4m8!1m2!2m1!1sBows+N+Paws+Pet+Studio!3m4!1s0x89c2ff56566adaf7:0x49b813c15445cf80!8m2!3d40.870263!4d-74.1608377",https://lh3.googleusercontent.com/gps-cs-s/AHVAwepdcjL_kBvH80VEW1nDgSzWFJOQoFLyuZPzurEGbahJqvBNs9hYjnxC9vNOyPk4pSNHIystIxiQ7AaK2AlAYyrK17li20J45LqR_qONPpoY4ShHEDYxdHaVXN6S3PUy5gkpxCZpzrr8VmBb=w800-h500-k-no,"Monday: Closed, Tuesday: 8:30AM–5PM, Wednesday: 8:30AM–5PM, Thursday: 8:30AM–5PM, Friday: 8:30AM–5PM, Saturday: 8:30AM–5PM, Sunday: Closed",,,Full-Service Salon,,4.6,44.0,Active,False,2026-04-01,40.870263,-74.1608377
Pawtanicals,pawtanicals-north-bergen-nj,"{""From the business"": {""Identifies as Latino-owned"": true, ""Identifies as women-owned"": true}, ""Service options"": {""Language assistance"": ""Spanish""}, ""Accessibility"": {""Wheelchair accessible entrance"": true}, ""Payments"": {""Credit cards"": true, ""Debit cards"": true, ""NFC mobile payments"": true}, ""Parking"": {""Paid street parking"": true}, ""Other"": {""Identifies as women-owned"": true, ""Identifies as Latino-owned"": true}}",7622 Broadway,North Bergen,New Jersey,7047,(201) 520-3036,http://pawtanicals.com/,"https://www.google.com/maps/place/Pawtanicals/@40.797444,-74.00207139999999,14z/data=!4m8!1m2!2m1!1sPawtanicals!3m4!1s0x89c2f7c69abd5b05:0x8128e9bcb7107c02!8m2!3d40.797444!4d-74.00207139999999",https://lh3.googleusercontent.com/gps-cs-s/AHVAweotSdAXTMPpJPPLaVGgfu2NPo0t4DLPDc_6pE1ZNaRavFdw-wDqDoIk704t5XXsVY6gN0PmJzJ9ALbXbmTjMEmFwxCOcuLdmZ5XJvoEv2rtxWyqW9TskrKffkrhstpMn19Qh5lupQ=w800-h500-k-no,"Monday: Closed, Tuesday: Closed, Wednesday: 9AM–5PM, Thursday: 9AM–5PM, Friday: 9AM–5PM, Saturday: 9AM–3:30PM, Sunday: 9AM–3PM",,,Full-Service Salon,,4.9,114.0,Active,False,2026-04-01,40.797444,-74.00207139999999
Clips N' Snips,clips-n-snips-clifton-nj,"{""Service options"": {""Onsite services"": true}, ""Accessibility"": {""Wheelchair accessible entrance"": true, ""Wheelchair accessible parking lot"": true}, ""Payments"": {""Credit cards"": true, ""Debit cards"": true, ""NFC mobile payments"": true}}",51 Valley Rd,Clifton,New Jersey,7013,(862) 239-1777,http://clipsnsnips.com/,"https://www.google.com/maps/place/Clips+N%27+Snips/@40.8961131,-74.1731365,14z/data=!4m8!1m2!2m1!1sClips+N%27+Snips!3m4!1s0x89c2fe83ae36d3e3:0x89326a09032d52a1!8m2!3d40.8961131!4d-74.1731365",https://lh3.googleusercontent.com/gps-cs-s/AHVAwepaC4KTWcWiT5K5DOsupAvm3l_-hGvfBMzsxJEfPGDfcuQP_Ftm2imCfct2gMqfXNG1K7VpWwM-I8sqImlB2egR9o0qVQyIkSbeTKtG7IbdZI7WdESC1Pfh_oBMMP_SPnPgytnE=w800-h500-k-no,"Monday: 9AM–6PM, Tuesday: 9AM–6PM, Wednesday: Closed, Thursday: 9AM–6PM, Friday: 9AM–6PM, Saturday: 8AM–5PM, Sunday: Closed",,,Pet Store with Grooming,,4.5,187.0,Active,False,2026-04-01,40.8961131,-74.1731365
Downtown Woody's Grooming,downtown-woody-s-grooming-jersey-city-nj,"{""From the business"": {""Identifies as Latino-owned"": true, ""Identifies as women-owned"": true}, ""Service options"": {""Language assistance"": ""Russian, Spanish""}, ""Accessibility"": {""Wheelchair accessible entrance"": false, ""Wheelchair accessible parking lot"": false}, ""Payments"": {""Credit cards"": true, ""Debit cards"": true, ""NFC mobile payments"": true}, ""Parking"": {""Free street parking"": true}, ""Other"": {""Identifies as women-owned"": true, ""Identifies as Latino-owned"": true}}",348 Pavonia Ave,Jersey City,New Jersey,7302,(201) 533-9900,http://downtownwoodys.com/,"https://www.google.com/maps/place/Downtown+Woody%27s+Grooming/@40.728192,-74.0497714,14z/data=!4m8!1m2!2m1!1sDowntown+Woody%27s+Grooming!3m4!1s0x89c250b506f9d7df:0x11cce6ca080a2254!8m2!3d40.728192!4d-74.0497714",https://lh3.googleusercontent.com/gps-cs-s/AHVAwep-MqsazY8DKdpoViqJ0j5H7jbm6Azlzm68CVkP8D7TGQ48ul9EaPlkjen0Denl93ne6UUkN39NAcdK5awxN1wc_uIfh25nTUBE_NQq-yG7BVA2ddEdMz9lZAcl-nkVrItlSzz8=w800-h500-k-no,"Monday: Closed, Tuesday: Closed, Wednesday: 8AM–4PM, Thursday: 8AM–4PM, Friday: 8AM–4PM, Saturday: 8AM–4PM, Sunday: 8AM–4PM",,,Full-Service Salon,,4.7,205.0,Active,False,2026-04-01,40.728192,-74.0497714
Towne House Grooming & Pet Supplies,towne-house-grooming-pet-supplies-new-york-ny,"{""Service options"": {""Onsite services"": true}, ""Accessibility"": {""Wheelchair accessible entrance"": true}, ""Payments"": {""Credit cards"": true, ""Debit cards"": true, ""NFC mobile payments"": true}}",288 8th Ave,New York,New York,10001,(212) 929-2910,http://www.townehousegrooming.com/,"https://www.google.com/maps/place/Towne+House+Grooming+%26+Pet+Supplies/@40.7462394,-73.9975316,14z/data=!4m8!1m2!2m1!1sTowne+House+Grooming+%26+Pet+Supplies!3m4!1s0x89c259ba8a6bb3e7:0x9eb01270c4c53b9e!8m2!3d40.7462394!4d-73.9975316",https://lh3.googleusercontent.com/gps-cs-s/AHVAweqDuUk9GQzrEHVDk2LNc7p730F0bhBQXz-jyi8yfnZwmFC6DDagpsQ9-s5171RwXnfiWfqFT4pUb2ZT3hVIZKGggG_qg7GaycPK9TcKeQNFfxgwqj5FcPv6ZNqO9I2JnmeBQuPe=w800-h500-k-no,"Monday: 8:30AM–3:30PM, Tuesday: 8:30AM–3:30PM, Wednesday: 8:30AM–3:30PM, Thursday: 8:30AM–3:30PM, Friday: 8:30AM–3:30PM, Saturday: 8:30AM–3:30PM, Sunday: Closed",,,Pet Store with Grooming,,4.6,145.0,Active,False,2026-04-01,40.7462394,-73.9975316
Paw-Fection Pet Spa,paw-fection-pet-spa-preston-id,"{""Accessibility"": {""Wheelchair accessible parking lot"": true}, ""Payments"": {""Credit cards"": true, ""Debit cards"": true, ""NFC mobile payments"": true}}",345 E 600 S,Preston,Idaho,83263,(208) 272-1506,https://www.facebook.com/profile.php%3Fid%3D61585151468463,"https://www.google.com/maps/place/Paw-Fection+Pet+Spa/@42.085364999999996,-111.8687114,14z/data=!4m8!1m2!2m1!1sPaw-Fection+Pet+Spa!3m4!1s0x8754f700394061f1:0xdb05d0c7f492f0a8!8m2!3d42.085364999999996!4d-111.8687114",https://streetviewpixels-pa.googleapis.com/v1/thumbnail?panoid=4MzROIsG9HRi_5wyugHCXw&cb_client=search.gws-prod.gps&w=800&h=500&yaw=81.94216&pitch=0&thumbfov=100,Daily: Open 24 hours,,,Pet Spa,,5.0,2.0,Active,False,2026-04-01,42.085365,-111.8687114
Paws and Suds 2,paws-and-suds-2-west-new-york-nj,"{""Service options"": {""Onsite services"": true}, ""Accessibility"": {""Wheelchair accessible entrance"": true}, ""Payments"": {""Credit cards"": true, ""Debit cards"": true, ""NFC mobile payments"": true}}",6706 Bergenline Ave,West New York,New Jersey,7093,(201) 430-9449,https://pawsandsudsyt.com/,"https://www.google.com/maps/place/Paws+and+Suds+2/@40.7944117,-74.01197239999999,14z/data=!4m8!1m2!2m1!1sPaws+and+Suds+2!3m4!1s0x89c2580bfb296319:0xbadfcaeaadd1d7a2!8m2!3d40.7944117!4d-74.01197239999999",https://lh3.googleusercontent.com/gps-cs-s/AHVAwepaQPJM_-g-j3o5iws0mWb1xM_qVUrh2dkQhwq83xy1HLw5q0GmGQGQta_42HLkjgkr86PZy6gcSgHvi5k3kaViOvTFgNf9yFZFhAgpwVC7LiX1gIc5a_t1OM_Sk0VqgyVGWNvcNCS67Nhe=w800-h500-k-no,"Monday: 10AM–5PM, Tuesday: 10AM–5PM, Wednesday: 10AM–5PM, Thursday: 10AM–5PM, Friday: 10AM–5PM, Saturday: 10AM–5PM, Sunday: Closed",,,Full-Service Salon,,4.3,186.0,Active,False,2026-04-01,40.7944117,-74.01197239999999
Woof Gang Bakery & Grooming Carriage Crossing,woof-gang-bakery-grooming-carriage-crossing-boise-id,"{""Service options"": {""Onsite services"": true, ""Language assistance"": ""English, Italian, Spanish""}, ""Accessibility"": {""Wheelchair accessible entrance"": true, ""Wheelchair accessible parking lot"": true}, ""Payments"": {""Credit cards"": true, ""Debit cards"": true, ""NFC mobile payments"": true}, ""Parking"": {""Free parking garage"": true, ""Free parking lot"": true, ""Free street parking"": true, ""On-site parking"": true}}",2337 S Apple St,Boise,Idaho,83706,(208) 608-5760,http://woofgangbakery.com/carriagecrossingid,"https://www.google.com/maps/place/Woof+Gang+Bakery+%26+Grooming+Carriage+Crossing/@43.5819468,-116.1742616,14z/data=!4m8!1m2!2m1!1sWoof+Gang+Bakery+%26+Grooming+Carriage+Crossing!3m4!1s0x54aef942c6e547df:0x5d929a63548f5fba!8m2!3d43.5819468!4d-116.1742616",https://lh3.googleusercontent.com/gps-cs-s/AHVAweoueGY1BnIhIxEdTasbSuRuUzCUzX5LhgGdGABbUmz8VLaFeXDVSWV4HSt7IzgZ1v1JVJlCoqS0O1E_ytp2kGhE-Wy35PoqEDiYuedGzB1gR9CPgMXchkPLbiU2c6J8CHFbS1KFL0C6GV0=w800-h500-k-no,"Monday: 9AM–6PM, Tuesday: 9AM–6PM, Wednesday: 9AM–6PM, Thursday: 9AM–6PM, Friday: 9AM–6PM, Saturday: 9AM–6PM, Sunday: 10AM–3PM",,,Pet Store with Grooming,,5.0,262.0,Active,False,2026-04-01,43.5819468,-116.1742616
Spot On Grooming,spot-on-grooming-boise-id,"{""Accessibility"": {""Wheelchair accessible entrance"": true, ""Wheelchair accessible parking lot"": true}, ""Payments"": {""Credit cards"": true, ""Debit cards"": true}}",10451 W Woodhaven Ct,Boise,Idaho,83704,(208) 323-9095,http://www.spotondoggrooming.com/,"https://www.google.com/maps/place/Spot+On+Grooming/@43.6466712,-116.3125438,14z/data=!4m8!1m2!2m1!1sSpot+On+Grooming!3m4!1s0x54ae55faaaaaaaab:0x96db7b12f4a2d979!8m2!3d43.6466712!4d-116.3125438",https://lh3.googleusercontent.com/gps-cs-s/AHVAwepIRvdab3qBdVQ3Cq_LpMdDXZnu-N1ooANFDm2DrG7mYs62vxqST6XLDbRFAVwLURTWZi2pE0X8WCasFwFVswh25Be9tT5Q82ZY4fNveUB4SMD_m3BV4PrFXOuyYSEz57tRZr4h=w800-h500-k-no,"Monday: Closed, Tuesday: 9AM–6PM, Wednesday: 9AM–6PM, Thursday: 9AM–6PM, Friday: 9AM–6PM, Saturday: 9AM–6PM, Sunday: Closed",,Anxious Dogs,Full-Service Salon,,4.9,41.0,Active,False,2026-04-01,43.6466712,-116.3125438
Hydrant Dog Wash,hydrant-dog-wash-boise-id,"{""Service options"": {""Onsite services"": true}, ""Accessibility"": {""Wheelchair accessible entrance"": true, ""Wheelchair accessible parking lot"": true, ""Wheelchair accessible restroom"": true, ""Wheelchair accessible seating"": true}, ""Payments"": {""Credit cards"": true, ""Debit cards"": true, ""NFC mobile payments"": true}, ""Parking"": {""Free street parking"": true}}",1210 W Sherman St,Boise,Idaho,83702,(208) 870-2579,https://hydrantdogwash.com/,"https://www.google.com/maps/place/Hydrant+Dog+Wash/@43.6285607,-116.20274409999999,14z/data=!4m8!1m2!2m1!1sHydrant+Dog+Wash!3m4!1s0x54aef9c93ba4bf15:0x3b2f6f1a15ce3690!8m2!3d43.6285607!4d-116.20274409999999",https://lh3.googleusercontent.com/gps-cs-s/AHVAweottY9Uu-dc8ZwyL2BQjnJ_PvmOJLFaxYdRrlbHf4qkyvNajTvO3w9o_bZ45_4QW4rWnZ5SFhpct40O4CcNyHxmc5UpRkZjTMMpmg_xQi2Vlv_qI7aL7gGNXoO2EHBS9AbsXxf3FeiWPuM=w800-h500-k-no,"Monday: Closed, Tuesday: 10AM–7PM, Wednesday: 10AM–7PM, Thursday: 10AM–7PM, Friday: 10AM–7PM, Saturday: 10AM–7PM, Sunday: Closed",Bath & Brush,,Full-Service Salon,,5.0,61.0,Active,False,2026-04-01,43.6285607,-116.2027441
Spotless Hounds Mobile Grooming,spotless-hounds-mobile-grooming-boise-id,"{""From the business"": {""Identifies as veteran-owned"": true}, ""Accessibility"": {""Wheelchair accessible parking lot"": true}, ""Payments"": {""Credit cards"": true, ""Debit cards"": true, ""NFC mobile payments"": true}, ""Other"": {""Identifies as veteran-owned"": true}}",10480 W Lupine St,Boise,Idaho,83704,(208) 870-7944,http://spotlesshounds.com/,"https://www.google.com/maps/place/Spotless+Hounds+Mobile+Grooming/@43.6245258,-116.3125432,14z/data=!4m8!1m2!2m1!1sSpotless+Hounds+Mobile+Grooming!3m4!1s0x49be63e85c1631f3:0xef0c1576ddcdaf90!8m2!3d43.6245258!4d-116.3125432",https://lh3.googleusercontent.com/gps-cs-s/AHVAweoHbufgUAcTpkmwnYRzd9WnverH2XvPCpTYaeCaNAujj77VjBTXyvjcnTu7O0GDvCB6wT-FP6Efcd76uWCXvY4KykgmlGBLAAd_g1Nw9vqrzDPmC9bCgPyGbNHaYdiYsctS1p-BEg=w800-h500-k-no,"Monday: 9AM–6PM, Tuesday: 9AM–6PM, Wednesday: 9AM–6PM, Thursday: 9AM–6PM, Friday: 9AM–6PM, Saturday: Closed, Sunday: 9AM–6PM",,Mobile Grooming,Mobile Grooming,,4.9,276.0,Active,False,2026-04-01,43.6245258,-116.3125432
Loved Up Pup: Dog Grooming with Love,loved-up-pup-dog-grooming-with-love-boise-id,"{""Service options"": {""Onsite services"": true, ""Language assistance"": ""English, French, Russian, Spanish, Ukrainian""}, ""Accessibility"": {""Wheelchair accessible entrance"": true, ""Wheelchair accessible parking lot"": true}, ""Payments"": {""Credit cards"": true, ""Debit cards"": true, ""NFC mobile payments"": true}, ""Parking"": {""Free parking lot"": true, ""On-site parking"": true}}",1513 S Five Mile Rd,Boise,Idaho,83709,(208) 415-8145,http://loveduppup.com/,"https://www.google.com/maps/place/Loved+Up+Pup%3A+Dog+Grooming+with+Love/@43.5915207,-116.3149402,14z/data=!4m8!1m2!2m1!1sLoved+Up+Pup%3A+Dog+Grooming+with+Love!3m4!1s0x260b416a75b5a371:0x260ae30559edda09!8m2!3d43.5915207!4d-116.3149402",https://lh3.googleusercontent.com/gps-cs-s/AHVAweoZRFrrx6jJiIOg3KZxewS0Ilv42OSJtgLcbJfbshxDqf_EenxI2XoLyiQqwqgxaCN2CMpP2W6W7TcfQLe_VY4LkQtXM71fLfdIjJr-fgZYYwcuTzyfPNrqwv2EFQuEGrqGtnmY=w800-h500-k-no,"Monday: 8AM–6PM, Tuesday: 8AM–6PM, Wednesday: 8AM–6PM, Thursday: 8AM–6PM, Friday: 8AM–6PM, Saturday: 9AM–5PM, Sunday: Closed",,,Full-Service Salon,,4.8,831.0,Active,False,2026-04-01,43.5915207,-116.3149402
The Pet Groomers,the-pet-groomers-boise-id,"{""From the business"": {""Identifies as women-owned"": true}, ""Service options"": {""Onsite services"": true}, ""Accessibility"": {""Wheelchair accessible entrance"": true, ""Wheelchair accessible parking lot"": true}, ""Payments"": {""Credit cards"": true, ""Debit cards"": true, ""NFC mobile payments"": true}, ""Other"": {""Identifies as women-owned"": true}}",1921 N Wildwood St,Boise,Idaho,83713,(208) 908-7185,http://thepetgroomers.net/,"https://www.google.com/maps/place/The+Pet+Groomers/@43.622789399999995,-116.32085459999999,14z/data=!4m8!1m2!2m1!1sThe+Pet+Groomers!3m4!1s0x54ae55d29167b391:0x3f2f12c929e47499!8m2!3d43.622789399999995!4d-116.32085459999999",https://lh3.googleusercontent.com/gps-cs-s/AHVAwer00od8bpYp70ahA7CYvXUj8INfO20jWjdQOtmKAYjOX9rBdEWDE-plSQ0HqsnYUvwDCUqXgLUhUcnebTaU8YX0fYON5kXOrGmAUrWKpnLbqwt-RHkDSsbUBWLEWPF_y3UvSl9RRA=w800-h500-k-no,"Monday: Closed, Tuesday: 8AM–3PM, Wednesday: 8AM–3PM, Thursday: 8AM–3PM, Friday: 8AM–3PM, Saturday: 8AM–3PM, Sunday: Closed",,,Full-Service Salon,,4.6,175.0,Active,False,2026-04-01,43.62278939999999,-116.3208546
Gentle Paws Dog Grooming LLC,gentle-paws-dog-grooming-llc-boise-id,"{""Accessibility"": {""Wheelchair accessible entrance"": true, ""Wheelchair accessible parking lot"": true}, ""Payments"": {""Credit cards"": true, ""Debit cards"": true}}",2621 W Camas St,Boise,Idaho,83705,(208) 999-6340,http://facebook.com/gentlepawsdoggos/,"https://www.google.com/maps/place/Gentle+Paws+Dog+Grooming+LLC/@43.595163199999995,-116.2147167,14z/data=!4m8!1m2!2m1!1sGentle+Paws+Dog+Grooming+LLC!3m4!1s0x54aef94071406c81:0x3c62b7124328d007!8m2!3d43.595163199999995!4d-116.2147167",https://lh3.googleusercontent.com/gps-cs-s/AHVAwer2q6bLVTE7dSpk3g4TQ2S4kAhbQSYpxDF8A1hRRFrs6uV16kAvbJTJKgp_zDRqEW8H45h5GQo0PF_1QgDm_rJ58K2ttOP8nIxoHStmjMK-A5b2viFmMYmLvnRNHlgEZeN7Jo1E=w800-h500-k-no,"Monday: 8AM–4:30PM, Tuesday: 8AM–4:30PM, Wednesday: 8AM–4:30PM, Thursday: 8AM–4:30PM, Friday: 8AM–4:30PM, Saturday: Closed, Sunday: Closed",,,Full-Service Salon,,4.9,59.0,Active,False,2026-04-01,43.59516319999999,-116.2147167
Dirty Paws,dirty-paws-boise-id,"{""Accessibility"": {""Wheelchair accessible entrance"": true, ""Wheelchair accessible parking lot"": true}, ""Payments"": {""Credit cards"": true, ""Debit cards"": true, ""NFC mobile payments"": true}}",602 E Boise Ave,Boise,Idaho,83706,(208) 343-9274,http://www.dirtypawsboise.com/,"https://www.google.com/maps/place/Dirty+Paws/@43.5801126,-116.1755697,14z/data=!4m8!1m2!2m1!1sDirty+Paws!3m4!1s0x54aef825a485ba33:0xa3a6d18ab7abd063!8m2!3d43.5801126!4d-116.1755697",https://lh3.googleusercontent.com/gps-cs-s/AHVAwep6TwGPQdxHu9acp2MXNceTjwNbvZyfo4ewgPfr6attTT9sgILTlgODQsDZ5GX1hrrf8APoVoMyRLbzx_jYfWRTplYfSqS_hzTO-AHFSvnrK_vBcU4hRXcKTpRI_gmP4U_1BFU=w800-h500-k-no,"Monday: 10AM–7PM, Tuesday: 10AM–7PM, Wednesday: 10AM–7PM, Thursday: 10AM–7PM, Friday: 10AM–6PM, Saturday: 9AM–6PM, Sunday: 10AM–7PM",,,Pet Store with Grooming,,4.5,189.0,Active,False,2026-04-01,43.5801126,-116.1755697
Pet Spa Dog Grooming,pet-spa-dog-grooming-boise-id,"{""Service options"": {""Onsite services"": true}, ""Accessibility"": {""Wheelchair accessible entrance"": true, ""Wheelchair accessible parking lot"": true}, ""Payments"": {""Credit cards"": true, ""Debit cards"": true, ""NFC mobile payments"": true}}",9140 W Emerald St #107,Boise,Idaho,83704,(208) 375-3070,http://petspaboise.com/,"https://www.google.com/maps/place/Pet+Spa+Dog+Grooming/@43.6119073,-116.2954304,14z/data=!4m8!1m2!2m1!1sPet+Spa+Dog+Grooming!3m4!1s0x54ae56706c4041d5:0xdf191dd51c762440!8m2!3d43.6119073!4d-116.2954304",https://lh3.googleusercontent.com/gps-cs-s/AHVAwepOVYGu0KWetrLcI_ekMlCUtwc0OZqDcga_JBnQIgsOrP7wVt-m9XIdzToDQAxjjJge2nv2tQVsGVJGcVXOE0HUy4UwZlC9h3tlp5bxftCOfXEGJ3HO5ukpZXeiYkUH_1k5ALsIrA=w800-h500-k-no,"Monday: 9AM–4PM, Tuesday: 8AM–4PM, Wednesday: 8AM–4PM, Thursday: 8AM–4PM, Friday: 8AM–4PM, Saturday: 8AM–4PM, Sunday: 11AM–4PM",,,Pet Spa,,4.9,180.0,Active,False,2026-04-01,43.6119073,-116.2954304
Do It Yourself Doggie Detailing,do-it-yourself-doggie-detailing-boise-id,"{""Service options"": {""Onsite services"": true}, ""Accessibility"": {""Wheelchair accessible entrance"": true, ""Wheelchair accessible parking lot"": true}, ""Payments"": {""Credit cards"": true, ""Debit cards"": true, ""NFC mobile payments"": true}}",6703 W Ustick Rd,Boise,Idaho,83704,(208) 378-1380,http://www.diydoggiedetailing.com/,"https://www.google.com/maps/place/Do+It+Yourself+Doggie+Detailing/@43.6336264,-116.2649412,14z/data=!4m8!1m2!2m1!1sDo+It+Yourself+Doggie+Detailing!3m4!1s0x54aeff514ad30571:0xef4088ae9977964b!8m2!3d43.6336264!4d-116.2649412",https://lh3.googleusercontent.com/gps-cs-s/AHVAwepITPhAyte3k02oo8Voisjc26rBgaRkAQoYxbBlsktVDlddngMc-rRsas4vgGsTKYgEugi7Cqeuzr8Wj-MMxhJ16EXGJcK19qDgE7l2xoHOZEAsP5HAgrHxDb2ISBPUg8jyTF06=w800-h500-k-no,"Monday: 9AM–7PM, Tuesday: 9AM–7PM, Wednesday: 9AM–7PM, Thursday: 9AM–7PM, Friday: 9AM–7PM, Saturday: 9AM–7PM, Sunday: 10AM–6PM",,,Full-Service Salon,,4.6,522.0,Active,False,2026-04-01,43.6336264,-116.2649412
Pups groom. train. love. (formerly Dirty Paws),pups-groom-train-love-formerly-dirty-paws-boise-id,"Which training program is best for my pup?
We believe training can have an enormous impact on the relationship you have with your pup. 
Whether you have a new puppy or an adult rescue, we can help you establish a strong foundation that will bring you and your pup closer than ever. 
Because every pup is different, we offer a wide selection of training programs to ensure you get the appropriate training support for you and your pup!​",1704 S Five Mile Rd,Boise,Idaho,83709,(208) 672-9274,https://www.pupsslc.com/,"https://www.google.com/maps/place/Pups+groom.+train.+love.+%28formerly+Dirty+Paws%29/@43.5888001,-116.31370199999999,14z/data=!4m8!1m2!2m1!1sPups+groom.+train.+love.+%28formerly+Dirty+Paws%29!3m4!1s0x54ae56e925bd09f7:0x9bdfed23c830342c!8m2!3d43.5888001!4d-116.31370199999999",https://lh3.googleusercontent.com/gps-cs-s/AHVAwepSLhZmNEFDIdJhwrZSdEmAM-xCMuRr_m29dx8l-DLJ1Cm21HAiCprKxK1saXcuw9WYmZKVEoPNfhjTi0cmB3ukOGi8l20vTwNlo8M_c3JDrZbK7dLNKyUvQaR3eln9DoOHF3m72Ogq0urp=w800-h500-k-no,"Monday: 9AM–6PM, Tuesday: 9AM–6PM, Wednesday: 9AM–6PM, Thursday: 9AM–6PM, Friday: 9AM–6PM, Saturday: 9AM–5PM, Sunday: 12–5PM",Puppy First Groom,Puppy First Groom,Full-Service Salon,,4.5,130.0,Active,False,2026-04-01,43.5888001,-116.313702
Canine Design,canine-design-boise-id,"The best team of people to work on your dog or cat is here with our team! Located here in the Treasure Valley we offer, dog agility training, pet services, pet grooming, pet grooming courses, canine day spa and much more. Call us at 208-336-3413 for more information.",605 S Americana Blvd,Boise,Idaho,83702,(208) 336-3413,https://staceyscaninedesign.com/,"https://www.google.com/maps/place/Canine+Design/@43.6179102,-116.2175741,14z/data=!4m8!1m2!2m1!1sCanine+Design!3m4!1s0x54aef87f91f5ab0f:0x76eee8b6231dfb94!8m2!3d43.6179102!4d-116.2175741",https://lh3.googleusercontent.com/gps-cs-s/AHVAweryt38srl8vgMBZaO9TcBAUKT298ptLzm1Eq_T4hXuhrD2OBVRXbcT8c0bZOGhaUfzR_0tsRkOv05kKeEXzTg6arHUyK-f77P7qgda4jaNHfFqThnoGi3k7USIT2IiIVHg25Bi6=w800-h500-k-no,"Monday: Closed, Tuesday: 8AM–5PM, Wednesday: 8AM–5PM, Thursday: 8AM–5PM, Friday: 8AM–5PM, Saturday: 8AM–5PM, Sunday: Closed",,,Full-Service Salon,,4.7,85.0,Active,False,2026-04-01,43.6179102,-116.2175741
Bella Donna Grooming salon,bella-donna-grooming-salon-garden-city-id,"{""From the business"": {""Identifies as women-owned"": true}, ""Service options"": {""Outdoor services"": true, ""Onsite services"": true, ""Language assistance"": ""American Sign Language, English, French""}, ""Accessibility"": {""Wheelchair accessible parking lot"": true, ""Wheelchair accessible restroom"": true, ""Wheelchair accessible seating"": true}, ""Crowd"": {""LGBTQ+ friendly"": true, ""Transgender safespace"": true}, ""Payments"": {""Credit cards"": true, ""Debit cards"": true, ""NFC mobile payments"": true}, ""Parking"": {""On-site parking"": true}, ""Other"": {""LGBTQ+ friendly"": true, ""Identifies as women-owned"": true}}",4213 Ray St TRLR 1,Garden City,Idaho,83714,(208) 648-3255,https://bdgrooming.square.site/,"https://www.google.com/maps/place/Bella+Donna+Grooming+salon/@43.6341001,-116.2496717,14z/data=!4m8!1m2!2m1!1sBella+Donna+Grooming+salon!3m4!1s0x54aeff9b00a4a577:0xb0bee1b99832a65a!8m2!3d43.6341001!4d-116.2496717",https://lh3.googleusercontent.com/gps-cs-s/AHVAweoWEn36owv89PK_svzfiI-5ZWo4MFhW3YgetWrgBj-uXDWTRU5sVmOCdJCfHLS0ytIIjxwBvJ_GFaPjszjKPBo5FXHUlClc1Vn1DAFvhU_Gxu_5yd_Vt7pusO-mpPPo37gwpJNw7Bx_5klH=w800-h500-k-no,,,,Full-Service Salon,,5.0,15.0,Active,False,2026-04-01,43.6341001,-116.2496717
Nature's Design Dog Spa | Pet Groomer,nature-s-design-dog-spa-pet-groomer-boise-id,"{""From the business"": {""Identifies as women-owned"": true}, ""Service options"": {""Onsite services"": true, ""Language assistance"": ""English""}, ""Accessibility"": {""Wheelchair accessible entrance"": true, ""Wheelchair accessible parking lot"": true}, ""Payments"": {""Credit cards"": true, ""Debit cards"": true}, ""Parking"": {""Free parking lot"": true, ""On-site parking"": true}, ""Other"": {""Identifies as women-owned"": true}}",8249 W Overland Rd STE 130,Boise,Idaho,83709,(208) 977-6337,https://www.naturesdesigndogspa.com/,"https://www.google.com/maps/place/Nature%27s+Design+Dog+Spa+%7C+Pet+Groomer/@43.589616,-116.2848506,14z/data=!4m8!1m2!2m1!1sNature%27s+Design+Dog+Spa+%7C+Pet+Groomer!3m4!1s0x6f863be8e1728ba5:0x25cd81faad918ae9!8m2!3d43.589616!4d-116.2848506",https://lh3.googleusercontent.com/gps-cs-s/AHVAweryGKKFADjNvxYVmJ6DEhWh3twlwbRDZg1SGN_bx_I4Bi5BrTVtS0j8iUKPuH7bLfGs7AWaCli8bS0s8FP4k9yPdlxMu0-URbgj7rDgJ7yxC7MFJNUilBkgn9inIqcexQaKcGA3I4v5Thl1=w800-h500-k-no,"Monday: 9:30AM–5:30PM, Tuesday: 9:30AM–5:30PM, Wednesday: 9:30AM–5:30PM, Thursday: 9:30AM–5:30PM, Friday: 9:30AM–5:30PM, Saturday: 9:30AM–5:30PM, Sunday: 9:30AM–4:30PM",,Anxious Dogs,Pet Spa,,5.0,55.0,Active,False,2026-04-01,43.589616,-116.2848506
Boise Dog Barber Shop,boise-dog-barber-shop-garden-city-id,"{""Service options"": {""Onsite services"": true}, ""Accessibility"": {""Wheelchair accessible entrance"": true, ""Wheelchair accessible parking lot"": true}, ""Payments"": {""Credit cards"": true}}",6732 N Glenwood St,Garden City,Idaho,83714,(208) 853-5158,http://dogbarbershop.biz/,"https://www.google.com/maps/place/Boise+Dog+Barber+Shop/@43.665085999999995,-116.27780709999999,14z/data=!4m8!1m2!2m1!1sBoise+Dog+Barber+Shop!3m4!1s0x54aeff9e5aab724d:0x549bc87e2ebdf358!8m2!3d43.665085999999995!4d-116.27780709999999",https://lh3.googleusercontent.com/gps-cs-s/AHVAweowh_8_oeHmrAZarfxwRzAnmZxzTlnpXxBya5LRl4XRjVTG9LzUK0ktYveDZ5ezKW5XKVUQoUrAcBI759W3j5HVLPBwzZRnopNOUf2HsUoNuqobvqV9Kt5ootbIZn2J7fuZxGbn=w800-h500-k-no,"Monday: 9AM–4PM, Tuesday: 9AM–4PM, Wednesday: 9AM–4PM, Thursday: 9AM–4PM, Friday: 9AM–4PM, Saturday: Closed, Sunday: Closed",,,Full-Service Salon,,4.3,100.0,Active,False,2026-04-01,43.665086,-116.2778071
Poof Pets,poof-pets-boise-id,"{""Service options"": {""Onsite services"": true}, ""Accessibility"": {""Wheelchair accessible entrance"": true, ""Wheelchair accessible parking lot"": true}, ""Payments"": {""Credit cards"": true, ""Debit cards"": true}}",10542 W Fairview Ave,Boise,Idaho,83704,(208) 810-3833,https://www.facebook.com/poofpetsboise/,"https://www.google.com/maps/place/Poof+Pets/@43.620114799999996,-116.3136483,14z/data=!4m8!1m2!2m1!1sPoof+Pets!3m4!1s0x54ae550cd0fb1a5d:0xb3ebd1e382ac4d02!8m2!3d43.620114799999996!4d-116.3136483",https://lh3.googleusercontent.com/gps-cs-s/AHVAwer86DV-BqBTEHHm1Rn6AdCKwanGIF5TlG77WVAmdVaFuMfPBnATEe4LoPThvrmdUSqsFQU4vbKRGSavCI0stg2o7GSJ-bSHUnbnOz_AvnxO3Lb0iKZecFItA8e5uIVZ7GUO38oc=w800-h500-k-no,"Monday: 9AM–3:30PM, Tuesday: 7:30AM–3:30PM, Wednesday: 7:30AM–3:30PM, Thursday: 7:30AM–3:30PM, Friday: 7:30AM–3:30PM, Saturday: 7:30AM–3:30PM, Sunday: 9AM–3:30PM",,,Full-Service Salon,,4.9,48.0,Active,False,2026-04-01,43.6201148,-116.3136483
Quality Dog Salon LLC,quality-dog-salon-llc-boise-id,"{""From the business"": {""Identifies as women-owned"": true}, ""Service options"": {""Language assistance"": ""English""}, ""Accessibility"": {""Wheelchair accessible parking lot"": true}, ""Crowd"": {""LGBTQ+ friendly"": true, ""Transgender safespace"": true}, ""Payments"": {""Credit cards"": true, ""Debit cards"": true, ""NFC mobile payments"": true}, ""Other"": {""LGBTQ+ friendly"": true, ""Identifies as women-owned"": true}}",6949 Kingsdale Dr,Boise,Idaho,83704,(208) 488-8294,http://qualitydogsalon.com/,"https://www.google.com/maps/place/Quality+Dog+Salon+LLC/@43.6250229,-116.26851979999999,14z/data=!4m8!1m2!2m1!1sQuality+Dog+Salon+LLC!3m4!1s0x54ae559fd1e45a05:0xf8dfe18a699c2f8a!8m2!3d43.6250229!4d-116.26851979999999",https://lh3.googleusercontent.com/gps-cs-s/AHVAweobwZ3NEfKb2vKDtL7D-GhVdePSGQ9hZRxIIW6aEMB8faWLfeF3OuyVWTmSfyQn9elCl4Cc0YN8kvxPw9LcOHCqmuCc7MmiM6L32ZPZkX-j0zcIREnZgXwKFrqBITvC7WjZ-Z0A=w800-h500-k-no,"Monday: Closed, Tuesday: 8:30AM–4PM, Wednesday: 8:30AM–4PM, Thursday: 8:30AM–4PM, Friday: 8:30AM–4PM, Saturday: 8AM–3PM, Sunday: Closed",Teeth Brushing,Anxious Dogs,Full-Service Salon,,4.9,58.0,Active,False,2026-04-01,43.6250229,-116.2685198
Dollys Doggie Salon,dollys-doggie-salon-boise-id,"{""Accessibility"": {""Wheelchair accessible parking lot"": true}, ""Payments"": {""Credit cards"": true, ""Debit cards"": true, ""NFC mobile payments"": true}}",1821 W Washington St,Boise,Idaho,83702,(208) 409-0000,http://dollysdoggiesalon.com/,"https://www.google.com/maps/place/Dollys+Doggie+Salon/@43.6256798,-116.2127857,14z/data=!4m8!1m2!2m1!1sDollys+Doggie+Salon!3m4!1s0x54aef8dc0c889303:0x21562c2903487cf6!8m2!3d43.6256798!4d-116.2127857",https://lh3.googleusercontent.com/gps-cs-s/AHVAwep_kw_f-MvfkKY65_emXJ17XvF__RQ5ReZHMwEt9ODWmX5tPdwOV3zfswciYZHbjnLKSZrptm9cssL8y4XCyyLoEbVEcL-7_r7GjbE3pqmnwi10BOIOFEGyoVu9aP1FQMz1Q2pc=w800-h500-k-no,"Monday: Closed, Tuesday: 9AM–2PM, Wednesday: 9AM–2PM, Thursday: 9AM–2PM, Friday: 9AM–2PM, Saturday: Closed, Sunday: Closed",,,Full-Service Salon,,4.6,56.0,Active,False,2026-04-01,43.6256798,-116.2127857
Snoopy's Dog House,snoopy-s-dog-house-boise-id,"{""Service options"": {""Onsite services"": true}, ""Accessibility"": {""Wheelchair accessible entrance"": true, ""Wheelchair accessible parking lot"": true}, ""Payments"": {""Credit cards"": true, ""Debit cards"": true}}",6029 W Franklin St,Boise,Idaho,83709,(208) 570-0109,https://www.snoopysgroom.com/,"https://www.google.com/maps/place/Snoopy%27s+Dog+House/@43.603150199999995,-116.25644899999999,14z/data=!4m8!1m2!2m1!1sSnoopy%27s+Dog+House!3m4!1s0x54ae5624e0924119:0x23c8362fb4cbd5a5!8m2!3d43.603150199999995!4d-116.25644899999999",https://lh3.googleusercontent.com/gps-cs-s/AHVAweqVMXQpS8HY0ufv5LXM8NEHvmnTPyHkqAy95nBugOPi-e9La2sGwrWkFtAyZGpxWsK0o_L7MrDNKNFcCj_wR36pL5FJ-h6alH3_VkwNISYI_4SQkTJ2MmI1fHm0QUfAd7jZOw=w800-h500-k-no,,,,Full-Service Salon,,4.9,145.0,Active,False,2026-04-01,43.60315019999999,-116.256449
Gem Crest Kennels,gem-crest-kennels-boise-id,"{""Accessibility"": {""Wheelchair accessible entrance"": true, ""Wheelchair accessible parking lot"": true}}",12868 W Goldenrod Ave,Boise,Idaho,83713,(208) 375-4398,http://www.gemcrestkennels.com/,"https://www.google.com/maps/place/Gem+Crest+Kennels/@43.6454794,-116.34284509999999,14z/data=!4m8!1m2!2m1!1sGem+Crest+Kennels!3m4!1s0x54ae55aae5a2cc07:0x188518df5fb67c90!8m2!3d43.6454794!4d-116.34284509999999",https://lh3.googleusercontent.com/gps-cs-s/AHVAwerxdSl8MOkzs0fUnKFbctL2sc46smMvG5IEA5CV9GBP9VR6kROVTz0Y8cl5qMh58_QdKHe6UeXChhv70O1AdtaqwwkSkj0l01NK3pTvjCMJuqXios-rnVWWzFrEMjC6QAW4ApZO=w800-h500-k-no,"Monday: 8AM–6PM, Tuesday: 8AM–6PM, Wednesday: 8AM–6PM, Thursday: 8AM–6PM, Friday: 8AM–6PM, Saturday: 8AM–6PM, Sunday: 9AM–6PM",,,Full-Service Salon,,4.6,182.0,Active,False,2026-04-01,43.6454794,-116.3428451
Barks & Bubbles,barks-bubbles-boise-id,"{""Accessibility"": {""Wheelchair accessible entrance"": true, ""Wheelchair accessible parking lot"": true}, ""Payments"": {""Credit cards"": true, ""Debit cards"": true}}","Inside Bench Animal Hospital, 5402 Franklin Rd",Boise,Idaho,83705,,http://barksandbubblesboise.com/,"https://www.google.com/maps/place/Barks+%26+Bubbles/@43.6032523,-116.2490594,14z/data=!4m8!1m2!2m1!1sBarks+%26+Bubbles!3m4!1s0x54ae562610d7aa97:0x2ebb114163b4ae03!8m2!3d43.6032523!4d-116.2490594",https://lh3.googleusercontent.com/gps-cs-s/AHVAwepSE9xbHoCQSqSBYsfj6zYT_lb9BL7OnHGp8afQi8TImHhohsV4ETbMdBy0oHCSopZifofaDUbDb5X_jytojy_T9zFhab9UIqt4g7avx0eNXsp9xq84_qe-C8GoaLLVUKTzYw6IaA=w800-h500-k-no,"Monday: 9AM–6PM, Tuesday: 9AM–6PM, Wednesday: 9AM–6PM, Thursday: 9AM–6PM, Friday: 9AM–6PM, Saturday: 9AM–2PM, Sunday: Closed",,,Full-Service Salon,,4.6,32.0,Active,False,2026-04-01,43.6032523,-116.2490594
Marcie n Mack Pet Salon & Self Wash,marcie-n-mack-pet-salon-self-wash-boise-id,"{""Service options"": {""Onsite services"": true}, ""Accessibility"": {""Wheelchair accessible entrance"": true, ""Wheelchair accessible parking lot"": true}, ""Payments"": {""Credit cards"": true, ""Debit cards"": true, ""NFC mobile payments"": true}}",8654 W Overland Rd,Boise,Idaho,83709,(208) 891-9133,http://www.marcie-n-mack.com/,"https://www.google.com/maps/place/Marcie+n+Mack+Pet+Salon+%26+Self+Wash/@43.5913769,-116.2900323,14z/data=!4m8!1m2!2m1!1sMarcie+n+Mack+Pet+Salon+%26+Self+Wash!3m4!1s0x54ae56564b6bf51b:0x1d83782d2ada37a0!8m2!3d43.5913769!4d-116.2900323",https://lh3.googleusercontent.com/gps-cs-s/AHVAweq7U47CtN4rWvp13-vFQ1KwpILOa_2NKlN8Syo-Hl23OI0fZLGO-NsaF_yPgUsk865EJ2EuwSnSmeleAGzK-88Yi3EGt0-CMGmB4qpML0m7Zxf0N5k_mx3sfkoVrfdl28rDa_YGeQ=w800-h500-k-no,"Monday: 8AM–6PM, Tuesday: 8AM–6PM, Wednesday: 8AM–6PM, Thursday: 8AM–6PM, Friday: 8AM–6PM, Saturday: Closed, Sunday: Closed",,,Self-Service Wash,,4.3,107.0,Active,False,2026-04-01,43.5913769,-116.2900323
A Dog Zen Salon,a-dog-zen-salon-garden-city-id,"{""From the business"": {""Identifies as women-owned"": true}, ""Accessibility"": {""Wheelchair accessible entrance"": true, ""Wheelchair accessible parking lot"": true}, ""Payments"": {""Credit cards"": true, ""Debit cards"": true, ""NFC mobile payments"": true}, ""Other"": {""Identifies as women-owned"": true}}",5455 N Glenwood St,Garden City,Idaho,83714,(208) 938-0025,http://www.adogzensalon.com/,"https://www.google.com/maps/place/A+Dog+Zen+Salon/@43.6545845,-116.28073189999999,14z/data=!4m8!1m2!2m1!1sA+Dog+Zen+Salon!3m4!1s0x54afaaba7906d7f9:0xe4306bc7b6b2d5e3!8m2!3d43.6545845!4d-116.28073189999999",https://lh3.googleusercontent.com/gps-cs-s/AHVAwepyuX-bE1gMI6QVBW_pnJ_tIG3dPJ-0Xjxl0_ZtJsjyn-jNG7XGQbtcPXlWGDkftuzCi_UdguOgAhnF7_xld04paTeoHijlCV7cSTRs8WA9hIFylFYCPy7BR6KWdg_uoGbKaqjMGRFq8xI=w800-h500-k-no,"Monday: Closed, Tuesday: 8:30AM–6PM, Wednesday: 8:30AM–6PM, Thursday: 8:30AM–6PM, Friday: 8:30AM–6PM, Saturday: 8:30AM–6PM, Sunday: Closed",,,Full-Service Salon,,4.3,69.0,Active,False,2026-04-01,43.6545845,-116.2807319
Pet Supplies Plus Garden City Grooming,pet-supplies-plus-garden-city-grooming-garden-city-id,"{""Service options"": {""Onsite services"": true, ""Language assistance"": ""English""}, ""Accessibility"": {""Wheelchair accessible entrance"": true, ""Wheelchair accessible parking lot"": true, ""Wheelchair accessible restroom"": true}, ""Amenities"": {""Gender-neutral restroom"": true}, ""Planning"": {""Accepts walk-ins"": true}, ""Payments"": {""Credit cards"": true, ""Debit cards"": true, ""NFC mobile payments"": true}, ""Parking"": {""Free parking lot"": true, ""Free street parking"": true, ""On-site parking"": true}}",5689 W Chinden Blvd,Garden City,Idaho,83714,(208) 927-4777,https://www.petsuppliesplus.com/dog-grooming,"https://www.google.com/maps/place/Pet+Supplies+Plus+Garden+City+Grooming/@43.647659999999995,-116.27799999999999,14z/data=!4m8!1m2!2m1!1sPet+Supplies+Plus+Garden+City+Grooming!3m4!1s0x54aeff229a42eceb:0xf2b701ac8716531d!8m2!3d43.647659999999995!4d-116.27799999999999",https://lh3.googleusercontent.com/gps-cs-s/AHVAwer7BhD_c5iJB-Q-Yq1o9hYU5HKQ7D4aMX0agNEhmPu73bBjER69cBh5_r7B0pLn6rTvCHxl5cP9IeYPaJJupIhRhCldhnHgkme27xb1kawXzdXT_JeXLAr8KAkxrbA9onH6rc3XWPOjlRTK=w800-h500-k-no,Daily: 9AM–5PM,,,Pet Store with Grooming,,4.8,17.0,Active,False,2026-04-01,43.64765999999999,-116.278
K-9 Wash-N-Go,k-9-wash-n-go-boise-id,"{""From the business"": {""Identifies as veteran-owned"": true, ""Identifies as women-owned"": true}, ""Service options"": {""Onsite services"": true, ""Language assistance"": ""English, Spanish""}, ""Accessibility"": {""Wheelchair accessible entrance"": true, ""Wheelchair accessible parking lot"": true, ""Wheelchair accessible restroom"": true, ""Wheelchair accessible seating"": true, ""Assistive hearing loop"": false}, ""Amenities"": {""Gender-neutral restroom"": true}, ""Crowd"": {""LGBTQ+ friendly"": true, ""Transgender safespace"": true}, ""Payments"": {""Credit cards"": true, ""Debit cards"": true, ""NFC mobile payments"": true}, ""Parking"": {""Free parking lot"": true, ""Free street parking"": true, ""On-site parking"": true}, ""Other"": {""LGBTQ+ friendly"": true, ""Identifies as veteran-owned"": true, ""Identifies as women-owned"": true}}",6314 W Overland Rd #3021,Boise,Idaho,83709,(208) 658-7001,https://k9washngo.com/,"https://www.google.com/maps/place/K-9+Wash-N-Go/@43.5903042,-116.2608949,14z/data=!4m8!1m2!2m1!1sK-9+Wash-N-Go!3m4!1s0x54ae57b55506584f:0x7d3c0d07c52a70eb!8m2!3d43.5903042!4d-116.2608949",https://lh3.googleusercontent.com/gps-cs-s/AHVAwepivxkUC8qQywuhqr_oUijvgQ95bkQZmF8H9hcjZ0NVi0ie9B_A45Yb8Tw6prUdk2AYNn9rg7WaprpoZLstF25xpoV4kE3Y-geFvGmn-qp1AI0CePPfTT61H2Rq45Ykkxcjz2PThw=w800-h500-k-no,"Monday: 10AM–5PM, Tuesday: 10AM–5PM, Wednesday: 10AM–5PM, Thursday: 10AM–5PM, Friday: 10AM–5PM, Saturday: 10AM–6PM, Sunday: 10AM–6PM",,,Full-Service Salon,,4.8,130.0,Active,False,2026-04-01,43.5903042,-116.2608949
Starbarks,starbarks-boise-id,"Avand o experienta de peste 17 ani, TOP LINE este varful de lance in dezvoltarea industriei serviciilor de frumusete profesionala din Romania.",1459 N Milwaukee St,Boise,Idaho,83704,(208) 565-7689,https://book.heygoldie.com/Starbarks,"https://www.google.com/maps/place/Starbarks/@43.6180144,-116.28526699999999,14z/data=!4m8!1m2!2m1!1sStarbarks!3m4!1s0x54ae57bcbc50f2dd:0x6d369a2608ff207c!8m2!3d43.6180144!4d-116.28526699999999",https://lh3.googleusercontent.com/gps-cs-s/AHVAwepGIbtedQ1beC1OaV29Erumdxvf1l7dK-oOah3_d55jZrsHLRPaXM6BrjflgDm3B4DE2Ea7G-vpQfkCNpyvnw4--WzgKfwfJgV1uBx0U-Aqdfp_tb4AqEYP1FOW98Tfd3iznb9C58MDfTG5=w800-h500-k-no,"Monday: Closed, Tuesday: 10AM–3PM, Wednesday: Closed, Thursday: 10AM–6PM, Friday: 10AM–3AM, Saturday: Closed, Sunday: 10AM–6PM",,,Full-Service Salon,,,,Active,False,2026-04-01,43.6180144,-116.285267
Gucci Pooch,gucci-pooch-boise-id,"{""Accessibility"": {""Wheelchair accessible entrance"": true, ""Wheelchair accessible parking lot"": true}, ""Payments"": {""Credit cards"": true, ""Debit cards"": true}}",6562 S Federal Way,Boise,Idaho,83716,(208) 615-1908,http://www.guccipooch.com/,"https://www.google.com/maps/place/Gucci+Pooch/@43.542456099999995,-116.1536376,14z/data=!4m8!1m2!2m1!1sGucci+Pooch!3m4!1s0x54aef82f86260759:0x8c60b77928dfc8ba!8m2!3d43.542456099999995!4d-116.1536376",https://lh3.googleusercontent.com/gps-cs-s/AHVAweokQq25TYDXvSNXGmH56gUHhs4L6Eqopkk3odaZl9UFbjMy0QJ6ideCVVPy1gQ9kX96_Bk4_AOfFSlWZkIKAdGW5U8aXr1ciqgyapiOH5ghYfd0kcLovaq9gAQXKSuzj-ud0L8=w800-h500-k-no,"Monday: Closed, Tuesday: 9AM–5PM, Wednesday: 9AM–5PM, Thursday: 9AM–5PM, Friday: 9AM–5PM, Saturday: 9AM–5PM, Sunday: Closed",,,Full-Service Salon,,4.2,77.0,Active,False,2026-04-01,43.5424561,-116.1536376
PetSmart Grooming,petsmart-grooming-boise-id,"{""Service options"": {""Onsite services"": true}, ""Accessibility"": {""Wheelchair accessible entrance"": true, ""Wheelchair accessible parking lot"": true}, ""Payments"": {""Credit cards"": true, ""Debit cards"": true, ""NFC mobile payments"": true}}",130 N Milwaukee St,Boise,Idaho,83704,(208) 377-9748,https://stores.petsmart.com/id/boise/boise/grooming%3Futm_source%3Dgoogle%26utm_medium%3Dorganic%26utm_campaign%3Dgoogle-my-business,"https://www.google.com/maps/place/PetSmart+Grooming/@43.605889499999996,-116.28073789999999,14z/data=!4m8!1m2!2m1!1sPetSmart+Grooming!3m4!1s0x54ae57129bc8cc0b:0x5cfdd17cd0fd0319!8m2!3d43.605889499999996!4d-116.28073789999999",https://lh3.googleusercontent.com/gps-cs-s/AHVAweovHlNR5BwnrN96T4uid4fwWfcjszLxJLYOOe9bvoSSZ7_bMBpl0P3i91rjj5ujAfkkuVbgRk_Pg_WL5UCgpanoUjq8MMI65AqfQRNillf49Fby-8ylXTadhV0aPokW9MbDSUfZx2wcqmE1=w800-h500-k-no,"Monday: 7AM–9PM, Tuesday: 7AM–9PM, Wednesday: 7AM–7PM, Thursday: 7AM–9PM, Friday: 7AM–9PM, Saturday: 7AM–9PM, Sunday: 10AM–6PM",Ear Cleaning,,Pet Store with Grooming,,3.5,8.0,Active,False,2026-04-01,43.6058895,-116.2807379
Pets First Animal Clinic,pets-first-animal-clinic-boise-id,"{""Service options"": {""Onsite services"": true}, ""Accessibility"": {""Wheelchair accessible entrance"": true, ""Wheelchair accessible parking lot"": true, ""Wheelchair accessible restroom"": true}, ""Amenities"": {""Restroom"": true}, ""Planning"": {""Appointment required"": true, ""Appointments recommended"": true}}",9730 Fairview Ave,Boise,Idaho,83704,(208) 375-2512,http://www.petsfirstanimalclinic.com/,"https://www.google.com/maps/place/Pets+First+Animal+Clinic/@43.6200498,-116.30348889999999,14z/data=!4m8!1m2!2m1!1sPets+First+Animal+Clinic!3m4!1s0x54ae55d839d57655:0xa8c1034cb634eebe!8m2!3d43.6200498!4d-116.30348889999999",https://lh3.googleusercontent.com/gps-cs-s/AHVAwepLQ-3yQI9oehePNMChYNFadaq1inwRYiv8BBacAzXzaP0fvVr-5YRaKlyJTuXVEN9Z2KdZK60sI-7T8qrABP4bd1plkzideZE62wEFO1mOmLF6vEjWuse5WYscLEU7bF36ye0=w800-h500-k-no,"Monday: 7AM–5PM, Tuesday: 7AM–5PM, Wednesday: 7AM–5PM, Thursday: 7AM–5PM, Friday: 7AM–5PM, Saturday: Closed, Sunday: Closed",Teeth Brushing,,Full-Service Salon,,4.6,293.0,Active,False,2026-04-01,43.6200498,-116.3034889
Lux grooming boutique,lux-grooming-boutique-eagle-id,"{""Accessibility"": {""Wheelchair accessible parking lot"": true}, ""Payments"": {""Debit cards"": true, ""NFC mobile payments"": true, ""Credit cards"": true}}",601 E State St,Eagle,Idaho,83616,(208) 216-7348,https://luxgroomingboutique.top/,"https://www.google.com/maps/place/Lux+grooming+boutique/@43.6944352,-116.3467697,14z/data=!4m8!1m2!2m1!1sLux+grooming+boutique!3m4!1s0x54afab7e1eb3725b:0x5a03c936194c58a3!8m2!3d43.6944352!4d-116.3467697",https://lh3.googleusercontent.com/gps-cs-s/AHVAwerQWggXnqBs4fmkKWOndI1pKtxkyQjtOiXm0jWVDJF_lFhCtijKPIk6zpuGwyyc0z0dSo_vhbfkdKOnf_W_Rgzh4upTA9DXFYquwQlusiOAWsGGInGbM1DM-x1v7WPuBiET_pYi=w800-h500-k-no,"Monday: 9AM–5PM, Tuesday: 9AM–5PM, Wednesday: 9AM–5PM, Thursday: 9AM–5PM, Friday: 9AM–5PM, Saturday: Closed, Sunday: Closed",,,Full-Service Salon,,4.3,46.0,Active,False,2026-04-01,43.6944352,-116.3467697
The Doggy Detailer,the-doggy-detailer-meridian-id,"{""Accessibility"": {""Wheelchair accessible parking lot"": true}, ""Payments"": {""Credit cards"": true, ""Debit cards"": true}, ""Parking"": {""On-site parking"": true}}",4073 N Nuova Way,Meridian,Idaho,83646,(208) 994-1585,http://www.thedoggydetailer.com/,"https://www.google.com/maps/place/The+Doggy+Detailer/@43.6418709,-116.41963969999999,14z/data=!4m8!1m2!2m1!1sThe+Doggy+Detailer!3m4!1s0x54ae536f5b96496d:0x48e24aa6b79385ce!8m2!3d43.6418709!4d-116.41963969999999",https://lh3.googleusercontent.com/gps-cs-s/AHVAwer_xs_TuRn8ZTCEL5TWrjtZbjs73ibuB6VdXBEzYowGKKiYitpSP9pooddgzvQqHDhm5iTsvMJVlLlN6oVkabQLlPkbRS9-kcTLEBUZOfw7siomqL2II8MpstmEYg-jM-KGrcfG=w800-h500-k-no,"Monday: 9AM–5PM, Tuesday: 9AM–5PM, Wednesday: 9AM–5PM, Thursday: 9AM–5PM, Friday: 9AM–5PM, Saturday: Closed, Sunday: Closed",,,Pet Spa,,4.9,41.0,Active,False,2026-04-01,43.6418709,-116.4196397
Lake Shore Boarding,lake-shore-boarding-nampa-id,"Contact Lake Shore Boarding  for more information on Doggy Daycare, Boarding, Grooming and Training in Nampa",9655 Booker Ln,Nampa,Idaho,83686,(208) 287-8488,http://www.lakeshoreboarding.com/,"https://www.google.com/maps/place/Lake+Shore+Boarding/@43.5126019,-116.5753247,14z/data=!4m8!1m2!2m1!1sLake+Shore+Boarding!3m4!1s0x54ae4901f97db6c7:0xb21cd856ae8dc812!8m2!3d43.5126019!4d-116.5753247",https://lh3.googleusercontent.com/gps-cs-s/AHVAweoy2RGhTYYFCrec7C84rb5v0PJ3IX-zOwJz87g-7FU2zdWDr-GV62SVLpiqb3EvqhuZ_SsBYz__714Rh6YNDaJ80ZIOlSkuRllxhV8OFVOyGsfQKg9rRGxy-d01-_bSa1FIdzb1og=w800-h500-k-no,"Monday: 8AM–4PM, Tuesday: 8AM–4PM, Wednesday: 8AM–4PM, Thursday: 8AM–4PM, Friday: 8AM–4PM, Saturday: 9AM–5PM, Sunday: 9AM–5PM",,,Full-Service Salon,,4.6,98.0,Active,False,2026-04-01,43.5126019,-116.5753247
Kait's Clippers,kait-s-clippers-star-id,"{""Service options"": {""Language assistance"": ""English, Spanish""}, ""Accessibility"": {""Wheelchair accessible entrance"": true, ""Wheelchair accessible parking lot"": true, ""Wheelchair accessible seating"": true}, ""Amenities"": {""Gender-neutral restroom"": true}, ""Payments"": {""Credit cards"": true, ""Debit cards"": true}, ""Parking"": {""Free parking lot"": true, ""Free street parking"": true, ""On-site parking"": true}}",11200 W Hercules Dr #102,Star,Idaho,83669,,http://www.kaitsclippers.com/,"https://www.google.com/maps/place/Kait%27s+Clippers/@43.6858102,-116.4935364,14z/data=!4m8!1m2!2m1!1sKait%27s+Clippers!3m4!1s0x54afad1d9b80b80b:0x6ae84694e20d9913!8m2!3d43.6858102!4d-116.4935364",https://lh3.googleusercontent.com/gps-cs-s/AHVAweoOe3-gyjcmIwdGzs6dFLT_46FBujbxBhzUGR00U-C3jOd546xnBvxmdFhJMA6MQ3ipjTw5AKRX28JgZInezPpLtom2JCg4DGm8XxthYCBlMoOVt9ZcQHKk4E-s5B5sxXSm-ojgdl0SAfPE=w800-h500-k-no,"Monday: 9AM–3PM, Tuesday: 9AM–3PM, Wednesday: 9AM–3PM, Thursday: 9AM–3PM, Friday: 9AM–3PM, Saturday: Closed, Sunday: Closed",,,Full-Service Salon,,5.0,21.0,Active,False,2026-04-01,43.6858102,-116.4935364
"No Bad Hair Days Grooming, Boarding & Daycare",no-bad-hair-days-grooming-boarding-daycare-fruitland-id,"{""Accessibility"": {""Wheelchair accessible entrance"": true, ""Wheelchair accessible parking lot"": true}, ""Payments"": {""Credit cards"": true, ""Debit cards"": true, ""NFC mobile payments"": true}}",6325 US-95,Fruitland,Idaho,83619,(208) 452-2275,https://www.facebook.com/profile.php%3Fid%3D100046425469575%26mibextid%3DJRoKGi,"https://www.google.com/maps/place/No+Bad+Hair+Days+Grooming%2C+Boarding+%26+Daycare/@43.976606,-116.9145195,14z/data=!4m8!1m2!2m1!1sNo+Bad+Hair+Days+Grooming%2C+Boarding+%26+Daycare!3m4!1s0x54af859300000001:0xd2ab5602c1bb3e8e!8m2!3d43.976606!4d-116.9145195",https://lh3.googleusercontent.com/gps-cs-s/AHVAweoFzMM-gNmmQpHPFgrz02v_f4n3L9nnkx66LmJtrKzr5k0cM52xX1q3SJUxB74h_mdbSzvSMbwVHZsg32WWazipOATQHcHbPTDL17Trq9CB7NXXEVUUylxcTCjEr8OyOPuoOVlefA=w800-h500-k-no,"Monday: 7:30AM–6PM, Tuesday: 7:30AM–6PM, Wednesday: 7:30AM–6PM, Thursday: 7:30AM–6PM, Friday: 7:30AM–6PM, Saturday: 9–10AM & 5–6PM, Sunday: 9–10AM & 5–6PM",,,Full-Service Salon,,4.7,94.0,Active,False,2026-04-01,43.976606,-116.9145195
The Pampered Pooch,the-pampered-pooch-weiser-id,"{""From the business"": {""Identifies as women-owned"": true}, ""Accessibility"": {""Wheelchair accessible entrance"": true, ""Wheelchair accessible parking lot"": true}, ""Payments"": {""Credit cards"": true, ""Debit cards"": true}, ""Other"": {""Identifies as women-owned"": true}}",433 State St,Weiser,Idaho,83672,(208) 739-7090,https://m.facebook.com/thepamperedpoochidaho,"https://www.google.com/maps/place/The+Pampered+Pooch/@44.246034099999996,-116.970298,14z/data=!4m8!1m2!2m1!1sThe+Pampered+Pooch!3m4!1s0x54a5793a49c62c4b:0x331906a622c633e7!8m2!3d44.246034099999996!4d-116.970298",https://lh3.googleusercontent.com/gps-cs-s/AHVAweqIvqelfEzdhglWB1IGNZItYniplgGkIRMLGjibS4mMo4TPFY_LWWNXSbRPTbmXrRgwfHnwAMGFHzO96DQfFC9g5N0SOZkVZMVEihsf9Z59DN2nBCtRUddor3CqgWGmxnCNgdFxLFI730Z0=w800-h500-k-no,"Monday: Closed, Tuesday: 10AM–5PM, Wednesday: 10AM–5PM, Thursday: 10AM–5PM, Friday: 10AM–5PM, Saturday: 11AM–2PM, Sunday: Closed",,,Pet Store with Grooming,,4.5,53.0,Active,False,2026-04-01,44.2460341,-116.970298
Petco Grooming,petco-grooming-boise-id,"{""Service options"": {""Onsite services"": true}, ""Accessibility"": {""Wheelchair accessible entrance"": true, ""Wheelchair accessible parking lot"": true}, ""Crowd"": {""LGBTQ+ friendly"": true, ""Transgender safespace"": true}, ""Planning"": {""Accepts walk-ins"": true}, ""Payments"": {""Credit cards"": true, ""Debit cards"": true, ""NFC mobile payments"": true}, ""Other"": {""LGBTQ+ friendly"": true}}",3548 S Findley Ave,Boise,Idaho,83705,(208) 344-1651,https://stores.petco.com/id/boise/full-service-grooming-boise-id-1205.html,"https://www.google.com/maps/place/Petco+Grooming/@43.5696629,-116.18813639999999,14z/data=!4m8!1m2!2m1!1sPetco+Grooming!3m4!1s0x54aef95924e6bd4f:0x50748b857587bef2!8m2!3d43.5696629!4d-116.18813639999999",https://lh3.googleusercontent.com/gps-cs-s/AHVAweoTadCu9W_BtF0weWYuE6rciDoj1y_96OdaRmum5G7hj8d6tLZyNR2Ox8SDfQrkW7byYY4XyrLt3V1n44AZDDcPmsA92gDFlrwIE6kIV5kSXxsRiKf5VHoiBi5SezA1lqsFnETddyWvNNyR=w800-h500-k-no,"Monday: 8AM–7PM, Tuesday: 8AM–7PM, Wednesday: 8AM–7PM, Thursday: 8AM–7PM, Friday: 8AM–7PM, Saturday: 8AM–7PM, Sunday: 8AM–6PM",,,Pet Store with Grooming,,4.8,80.0,Active,False,2026-04-01,43.5696629,-116.1881364
Sunshine Shears Pet Grooming LLC,sunshine-shears-pet-grooming-llc-boise-id,"{""From the business"": {""Identifies as women-owned"": true}, ""Accessibility"": {""Wheelchair accessible parking lot"": true}, ""Payments"": {""Credit cards"": true, ""Debit cards"": true}, ""Parking"": {""Free parking lot"": true}, ""Other"": {""Identifies as women-owned"": true}}",2749 S Broadway Ave,Boise,Idaho,83706,(208) 999-0210,https://sunshineshears.square.site/,"https://www.google.com/maps/place/Sunshine+Shears+Pet+Grooming+LLC/@43.577217399999995,-116.19376159999999,14z/data=!4m8!1m2!2m1!1sSunshine+Shears+Pet+Grooming+LLC!3m4!1s0x54aef94ec2972d67:0xd96b756a776f725e!8m2!3d43.577217399999995!4d-116.19376159999999",https://lh3.googleusercontent.com/gps-cs-s/AHVAweovjlmlDaJkYLoqdkH56-JPY5cJpMjxYEul5S7axnJFTjk_9qduEMqbg-oL2xGWQrdNk2wbfQuDxmKIbNAIou2grr3pEvFYoYOLviDRQvysrab8tO1r_a8zqa30t7nYWVQ6z6eMYKuPH0TA=w800-h500-k-no,"Monday: Closed, Tuesday: 7:30AM–2:30PM, Wednesday: 7:30AM–2:30PM, Thursday: 7:30AM–2:30PM, Friday: 7:30AM–2:30PM, Saturday: Closed, Sunday: Closed",,,Full-Service Salon,,5.0,10.0,Active,False,2026-04-01,43.57721739999999,-116.1937616
"Tender, Love and Care Pet Salon, LLC",tender-love-and-care-pet-salon-llc-boise-id,"{""From the business"": {""Identifies as women-owned"": true}, ""Accessibility"": {""Wheelchair accessible entrance"": true, ""Wheelchair accessible parking lot"": true}, ""Crowd"": {""LGBTQ+ friendly"": true, ""Transgender safespace"": true}, ""Other"": {""LGBTQ+ friendly"": true, ""Identifies as women-owned"": true}}",2285 Knollcrest Cir,Boise,Idaho,83709,(208) 570-8384,https://tenderloveandcarepetsalon.com/,"https://www.google.com/maps/place/Tender%2C+Love+and+Care+Pet+Salon%2C+LLC/@43.581976,-116.2833904,14z/data=!4m8!1m2!2m1!1sTender%2C+Love+and+Care+Pet+Salon%2C+LLC!3m4!1s0x54aeff3a79f7bd73:0x26b0c985e194a847!8m2!3d43.581976!4d-116.2833904",https://lh3.googleusercontent.com/gps-cs-s/AHVAwerbaQH4slXep-jeryPIt3RuJioKS0hrkZ6Wu_Q_2JB_ub82Dg2NTVbXWTeQiEap7JmVbmOog2BOGcluQdyiTnv5ruamz8Ti6uNb7SDmbI7de0Yo5tvNdZTa75-aVbbF9Zs-9Uxk5Q=w800-h500-k-no,"Monday: Closed, Tuesday: 10AM–7PM, Wednesday: 10AM–7PM, Thursday: 10AM–7PM, Friday: 10AM–7PM, Saturday: 10AM–7PM, Sunday: Closed",,,Full-Service Salon,,4.6,107.0,Active,False,2026-04-01,43.581976,-116.2833904
Scenthound Boise Northgate,scenthound-boise-northgate-boise-id,"{""Accessibility"": {""Wheelchair accessible entrance"": true, ""Wheelchair accessible parking lot"": true}, ""Payments"": {""Credit cards"": true, ""Debit cards"": true, ""NFC mobile payments"": true}}",6978 W State St,Boise,Idaho,83703,(208) 715-5182,https://www.scenthound.com/boise-northgate,"https://www.google.com/maps/place/Scenthound+Boise+Northgate/@43.6671608,-116.27569039999999,14z/data=!4m8!1m2!2m1!1sScenthound+Boise+Northgate!3m4!1s0x54aeff2719615ab1:0xefd09adffe8ad017!8m2!3d43.6671608!4d-116.27569039999999",https://lh3.googleusercontent.com/gps-cs-s/AHVAwerRuzJQeY3NgM-fyd70IbhplZzkfhdqK-_u1e8UJLRNyXi-rskMQLtWDGLBpbH5_XT_DF6hVk001iN9VwvjAZRp4zk-j8F1PTg28Yd2CwwjFMheoxnsvGTDFK-wiaukBN8QpdgTrw=w800-h500-k-no,"Monday: 8AM–5PM, Tuesday: 8AM–5PM, Wednesday: 8AM–5PM, Thursday: 8AM–5PM, Friday: 8AM–5PM, Saturday: 8AM–5PM, Sunday: Closed",,,Full-Service Salon,,4.2,37.0,Active,False,2026-04-01,43.6671608,-116.2756904
Lucky Cat Grooming,lucky-cat-grooming-garden-city-id,"Professional cat grooming in Garden City, ID. Visit Lucky Cat Grooming at 94 E 49th St Suite D or call (208) 565-2055 for gentle, stress-free feline care!",94 E 49th St D,Garden City,Idaho,83714,(208) 565-2055,http://luckycatgrooming.com/,"https://www.google.com/maps/place/Lucky+Cat+Grooming/@43.641416799999995,-116.2641855,14z/data=!4m8!1m2!2m1!1sLucky+Cat+Grooming!3m4!1s0x54aeff00414cffdf:0x62e88c7fcb98d61c!8m2!3d43.641416799999995!4d-116.2641855",https://lh3.googleusercontent.com/gps-cs-s/AHVAweoDU4t7RagAAhDtBzWF4iFc1wtAXIHJy9-S0A03aPL9eG0A2-w1Oyl-XjQ0sQPyXXgt2BD87yMfrqkO0Rp2PUS9pe86Ryn_FdKUFHRPK8QP2U6pd9MCSGSjiEWy1lmGy92O3E6FleJhnL0O=w800-h500-k-no,"Monday: Closed, Tuesday: 8AM–4PM, Wednesday: 8AM–4PM, Thursday: 8AM–4PM, Friday: 8AM–4PM, Saturday: 8AM–4PM, Sunday: Closed",Cat Grooming,Cat Grooming,Full-Service Salon,,5.0,39.0,Active,False,2026-04-01,43.64141679999999,-116.2641855
Jersey City Paws,jersey-city-paws-jersey-city-nj,"{""Service options"": {""Onsite services"": true}, ""Accessibility"": {""Wheelchair accessible entrance"": false, ""Wheelchair accessible parking lot"": false}, ""Payments"": {""Credit cards"": true, ""Debit cards"": true, ""NFC mobile payments"": true}}",532 Liberty Ave,Jersey City,New Jersey,7307,(551) 689-9331,https://jcpaws.com/,"https://www.google.com/maps/place/Jersey+City+Paws/@40.7547798,-74.0534407,14z/data=!4m8!1m2!2m1!1sJersey+City+Paws!3m4!1s0x89c2576d531a8e71:0xeef50bacb167c2d0!8m2!3d40.7547798!4d-74.0534407",https://lh3.googleusercontent.com/gps-cs-s/AHVAweq_Bdha_4JMQrg7yEcw_STIVsMnuysBbU60o2Jv7wECkSGFqAJmUdPfXlz55IO3svskUh2meokNdl3qT6mgQY3pZbN-9wGwNz_QqA8TUei4kMftTqkNp3O6ZI0V7MN6KzIteIn2=w800-h500-k-no,"Monday: 9AM–5PM, Tuesday: 9AM–5PM, Wednesday: 9AM–5PM, Thursday: 9AM–5PM, Friday: 9AM–5PM, Saturday: 9AM–5PM, Sunday: Closed",,,Full-Service Salon,,4.8,325.0,Active,False,2026-04-01,40.7547798,-74.0534407
Ruff to Fluff Bar Jersey City,ruff-to-fluff-bar-jersey-city-jersey-city-nj,"Ruff to Fluff Doggie Bar in Jersey City and Montclair, New Jersey. Baths + Blowouts for your Dog. Open concept salon where owners can choose to wait while their dog is getting groomed.",580 Palisade Ave,Jersey City,New Jersey,7307,(888) 738-9993,https://rufftofluffbar.com/,"https://www.google.com/maps/place/Ruff+to+Fluff+Bar+Jersey+City/@40.748183999999995,-74.041333,14z/data=!4m8!1m2!2m1!1sRuff+to+Fluff+Bar+Jersey+City!3m4!1s0x89c257bed6fe24a9:0x8c1c3c72b66f269c!8m2!3d40.748183999999995!4d-74.041333",https://lh3.googleusercontent.com/gps-cs-s/AHVAwepjTv54XrWdzbKN2oRrg9akf3WZYZYF4cvtiNXpzFHg2Nb33TPEQ6-065FLGg2utUJYUPZz_ZWZkHgugFjfL8GTahcAJIpkS27w3GXsR6-9bQrXnMXr70SFGCGFUv5fY38VFfgU=w800-h500-k-no,"Monday: 9AM–7PM, Tuesday: 9AM–7PM, Wednesday: 9AM–7PM, Thursday: 9AM–7PM, Friday: 9AM–7PM, Saturday: 9AM–5PM, Sunday: Closed",,,Full-Service Salon,,4.8,67.0,Active,False,2026-04-01,40.74818399999999,-74.041333
Tails-a-wag'n,tails-a-wag-n-north-bergen-nj,"{""Service options"": {""Onsite services"": true}, ""Accessibility"": {""Wheelchair accessible entrance"": false, ""Wheelchair accessible parking lot"": false}, ""Payments"": {""Credit cards"": true}}",506 73rd St,North Bergen,New Jersey,7047,(201) 868-6711,http://tailsawagn.com/,"https://www.google.com/maps/place/Tails-a-wag%27n/@40.7981039,-74.0096192,14z/data=!4m8!1m2!2m1!1sTails-a-wag%27n!3m4!1s0x89c2580a7eb6fe75:0x578c20ac9a4d58f9!8m2!3d40.7981039!4d-74.0096192",https://lh3.googleusercontent.com/gps-cs-s/AHVAweoToVdaz-7DgS8-Ztg-G2vvraVhHlWrI_-ZMb5-UbcfRa_7m0Yx0cmhU8Nlji620MDTKET7nq5PkGaSgBCcju1BEMaoR7WTxLHWaU6sueg2Niepqxy09Upot-VE-NkKWR-JNRWXr_KCrS4=w800-h500-k-no,"Monday: 9AM–6PM, Tuesday: 9AM–6PM, Wednesday: 9AM–6PM, Thursday: 9AM–6PM, Friday: 9AM–6PM, Saturday: 9AM–6PM, Sunday: Closed",,,Full-Service Salon,,4.7,67.0,Active,False,2026-04-01,40.7981039,-74.0096192
Woof Gang Bakery & Grooming Edgewater,woof-gang-bakery-grooming-edgewater-edgewater-nj,Woof Gang Grooming is the ultimate retreat for the pampered pet. Make an appointment for your furry family member today!,30 The Promenade,Edgewater,New Jersey,7020,(201) 877-4880,http://woofgangbakery.com/pages/locations/edgewater,"https://www.google.com/maps/place/Woof+Gang+Bakery+%26+Grooming+Edgewater/@40.8069717,-73.9896488,14z/data=!4m8!1m2!2m1!1sWoof+Gang+Bakery+%26+Grooming+Edgewater!3m4!1s0x89c2f714f13f0dbd:0xa967608ccb70d27a!8m2!3d40.8069717!4d-73.9896488",https://lh3.googleusercontent.com/gps-cs-s/AHVAwepXPM9XOTkdodr5lcx79-eGtOXp7cJ7v5TMICVrXZh3wz53j05YM50i_2IaOHbUSbfuc69EYTvrqfgmkUlzM3qjmtpDlg5ke5D_uQoPPRZiT_8ZVCWANz19_g0UIW2ceSNNOWDLXL0MFSDN=w800-h500-k-no,"Monday: 9AM–6PM, Tuesday: 9AM–6PM, Wednesday: 9AM–6PM, Thursday: 9AM–6PM, Friday: 9AM–6PM, Saturday: 9AM–6PM, Sunday: Closed",,,Pet Store with Grooming,,4.8,107.0,Active,False,2026-04-01,40.8069717,-73.9896488
Animaland Grooming Salon #2,animaland-grooming-salon-2-north-bergen-nj,"{""Service options"": {""Language assistance"": ""English, Spanish""}, ""Payments"": {""Credit cards"": true, ""Debit cards"": true}, ""Parking"": {""Free parking lot"": true, ""On-site parking"": true}}","Animaland grooming salón, 8101 Tonnelle Ave",North Bergen,New Jersey,7047,(201) 985-7753,https://animalandgroomingsalon.com/,"https://www.google.com/maps/place/Animaland+Grooming+Salon+%232/@40.8083192,-74.0177101,14z/data=!4m8!1m2!2m1!1sAnimaland+Grooming+Salon+%232!3m4!1s0x89c2f7448b9133d5:0xb86fbd7afe8c92a2!8m2!3d40.8083192!4d-74.0177101",https://lh3.googleusercontent.com/gps-cs-s/AHVAweqrCCNAYJEBjx783l82i1b96VBbQsA8COSec9n1em2Y1Auf4lJVreNJCraBdMGuiOsrur9TouGd2XxBeDuuYGmrAr9-e8k_NAoHLbzuWQOomI5tGFbTQ7PVlnWf923xLWL8svmRf2Bezw0=w800-h500-k-no,"Monday: 10AM–7PM, Tuesday: 10AM–5PM, Wednesday: 10AM–7PM, Thursday: 10AM–7PM, Friday: 10AM–7PM, Saturday: 10AM–7PM, Sunday: 10AM–7PM",,,Full-Service Salon,,4.8,26.0,Active,False,2026-04-01,40.8083192,-74.0177101
Bark Avenue Groomers,bark-avenue-groomers-weehawken-township-nj,"Pet grooming salon that is unique, open concept , cage free , they can roam around, play with other dogs , if they are shy or not neutered we have a playpen.Bark Avenue groomers",4600 Park Ave,Weehawken Township,New Jersey,7086,(201) 499-4200,http://www.barkavenuegroomer.com/,"https://www.google.com/maps/place/Bark+Avenue+Groomers/@40.777938999999996,-74.01695,14z/data=!4m8!1m2!2m1!1sBark+Avenue+Groomers!3m4!1s0x89c2598d6ae2e897:0x5374e9a156af5274!8m2!3d40.777938999999996!4d-74.01695",https://lh3.googleusercontent.com/gps-cs-s/AHVAwepgV8ZpLYbFpzoCnT_dwhgyhln4gHsi1AI4HIEQ_ZuDw8LzAJ3OIRl10j_hHm116zeA2ladh_cZFfqYuFqf2r4vleKMoQO1e7g_wg6S1EefMLfiLnFJqSBiA8u2XxdwE_-dqQMM=w800-h500-k-no,"Monday: Closed, Tuesday: 9AM–6PM, Wednesday: 9AM–6PM, Thursday: 9AM–6PM, Friday: 9AM–6PM, Saturday: 9AM–5PM, Sunday: Closed",,,Full-Service Salon,,4.5,99.0,Active,False,2026-04-01,40.777939,-74.01695
ANIMALAND GROOMING SALON,animaland-grooming-salon-union-city-nj,"{""Payments"": {""Credit cards"": true, ""Debit cards"": true, ""NFC mobile payments"": true}}",412 36th St,Union City,New Jersey,7087,(732) 217-5862,https://animalandgroomingsalon.com/,"https://www.google.com/maps/place/ANIMALAND+GROOMING+SALON/@40.7739416,-74.0270516,14z/data=!4m8!1m2!2m1!1sANIMALAND+GROOMING+SALON!3m4!1s0x89c2595c9b378759:0xb601444f111a3e!8m2!3d40.7739416!4d-74.0270516",https://lh3.googleusercontent.com/gps-cs-s/AHVAwepZLRVOPdlfU2VPWatR8PTkR8f8mjiw1J04jovgnYnU15KoLVpM8_s-AYCyCf5lYHCYsmuq_Ybud4i5GarRLbQPjCKoSciNXxPLnmG73X8jTRjZMgXM60-lWg0eJ8Y0j9y7M6QDWKkdRcYJ=w800-h500-k-no,"Monday: 9AM–7PM, Tuesday: Closed, Wednesday: 9AM–7PM, Thursday: 9AM–7PM, Friday: 9AM–7PM, Saturday: 10AM–7PM, Sunday: 10AM–6PM",,,Full-Service Salon,,4.9,39.0,Active,False,2026-04-01,40.7739416,-74.0270516
Petco Grooming,petco-grooming-ponderay-id,"{""Service options"": {""Onsite services"": true}, ""Accessibility"": {""Wheelchair accessible entrance"": true, ""Wheelchair accessible parking lot"": true}, ""Crowd"": {""LGBTQ+ friendly"": true, ""Transgender safespace"": true}, ""Planning"": {""Accepts walk-ins"": true}, ""Payments"": {""Credit cards"": true, ""Debit cards"": true, ""NFC mobile payments"": true}, ""Other"": {""LGBTQ+ friendly"": true}}",300 Bonner Mall Way Ste 120,Ponderay,Idaho,83852,(208) 255-2202,https://stores.petco.com/id/ponderay/full-service-grooming-ponderay-id-1277.html,"https://www.google.com/maps/place/Petco+Grooming/@48.3019312,-116.5429491,14z/data=!4m8!1m2!2m1!1sPetco+Grooming!3m4!1s0x5363d0d9688f7bcd:0xf4cc7763c825df6a!8m2!3d48.3019312!4d-116.5429491",https://lh3.googleusercontent.com/gps-cs-s/AHVAweoMttyo-SrcOTgvN30DyQpjeSzx2EMl461WJnl6ZIJZJdbuQzxVURQCphnhwEUi8NsA01UuufWQC9v3kNgVw7dbptHGmeeImBw4IVE-t6guRtrci7RcPB9KpjedqKMnLkkZYP-l=w800-h500-k-no,"Monday: 8AM–6PM, Tuesday: 8AM–6PM, Wednesday: 8AM–6PM, Thursday: 8AM–6PM, Friday: 8AM–6PM, Saturday: 8AM–6PM, Sunday: 9AM–6PM",,,Pet Store with Grooming,,4.6,45.0,Active,False,2026-04-01,48.3019312,-116.5429491
Luther’s Pooch Parlor Ponderay,luthers-pooch-parlor-ponderay-ponderay-id,"{""Service options"": {""Onsite services"": true}, ""Accessibility"": {""Wheelchair accessible entrance"": true, ""Wheelchair accessible parking lot"": true}, ""Payments"": {""Credit cards"": true, ""Debit cards"": true}}",210 N Triangle Dr D,Ponderay,Idaho,83852,(208) 255-2699,http://lutherspoochparlor.com/,"https://www.google.com/maps/place/Luther%E2%80%99s+Pooch+Parlor+Ponderay/@48.306719199999996,-116.54051249999999,14z/data=!4m8!1m2!2m1!1sLuther%E2%80%99s+Pooch+Parlor+Ponderay!3m4!1s0x5363d0dec9b267ef:0x5ec6d598cb5081f4!8m2!3d48.306719199999996!4d-116.54051249999999",https://lh3.googleusercontent.com/gps-cs-s/AHVAwep91FzE5cT16heYBEwEZLJqruiF8j1lLJTfQ2Xgfjtc7Z_kuRF8pCTk_ugh7B6RG5BS7jHv1V1gz51-bZNTXKPuJSkdWd6ttFopzniuX43g3on7ZbvQ7Advwzzj8pjFVIGaSEg2SEs4y2w=w800-h500-k-no,"Monday: 8:30AM–3:30PM, Tuesday: 8:30AM–3:30PM, Wednesday: 8:30AM–3:30PM, Thursday: Closed, Friday: 8:30AM–3:30PM, Saturday: Closed, Sunday: Closed",,,Full-Service Salon,,4.6,85.0,Active,False,2026-04-01,48.3067192,-116.5405125
Pups (formerly Sydnee's),pups-formerly-sydnee-s-midvale-ut,"{""Service options"": {""Onsite services"": true}, ""Accessibility"": {""Wheelchair accessible entrance"": true, ""Wheelchair accessible parking lot"": true}, ""Payments"": {""Credit cards"": true, ""Debit cards"": true, ""NFC mobile payments"": true}}",7706 Union Park Ave,Midvale,Utah,84047,(385) 275-7973,https://booking.moego.pet/ol/Pups121972/book%3Futm_medium%3Dembed,"https://www.google.com/maps/place/Pups+%28formerly+Sydnee%27s%29/@40.6115694,-111.85514099999999,14z/data=!4m8!1m2!2m1!1sPups+%28formerly+Sydnee%27s%29!3m4!1s0x875263f9b44bb0b7:0xb59de823ec8522c8!8m2!3d40.6115694!4d-111.85514099999999",https://lh3.googleusercontent.com/gps-cs-s/AHVAweoTQkIodDWPBtPierewWF8h1LK1p0DX0oOiV4b-h03-lJK88LKjhc0Tv2vwYuAPDNb-kzxMfGSLqZeSJqaByX9gofsL2v9rC9bMwF6peBIen8I4ET3QATZQn5jKKokVcfS5jZwP=w800-h500-k-no,"Monday: Closed, Tuesday: 8AM–4:30PM, Wednesday: 8AM–4:30PM, Thursday: 8AM–4:30PM, Friday: 8AM–4:30PM, Saturday: 8AM–4:30PM, Sunday: Closed",,,Full-Service Salon,,4.6,29.0,Active,False,2026-04-01,40.6115694,-111.855141
Groom & Goods – Dog Grooming & Pet Supply | Cliffside Park,groom-goods-dog-grooming-pet-supply-cliffside-park-cliffside-park-nj,". Grooming goes beyond brushing and baths – ear care is a crucial, often overlooked part of keeping your dog healthy. Regular ear cleaning not only keeps infections at bay but also helps your dog feel comfortable and stay alert. Here’s why this small grooming step can make a big difference and why scheduling it regular",678 Anderson Ave,Cliffside Park,New Jersey,7010,(201) 375-6688,http://groomandgoods.com/,"https://www.google.com/maps/place/Groom+%26+Goods+%E2%80%93+Dog+Grooming+%26+Pet+Supply+%7C+Cliffside+Park/@40.8274677,-73.9867204,14z/data=!4m8!1m2!2m1!1sGroom+%26+Goods+%E2%80%93+Dog+Grooming+%26+Pet+Supply+%7C+Cliffside+Park!3m4!1s0x89c2f70c1ff8b821:0x28b02ca27a54d21d!8m2!3d40.8274677!4d-73.9867204",https://lh3.googleusercontent.com/gps-cs-s/AHVAweqvNcVMfSrAyqJ7lN84773oDvS-_Xc-_U7eJsLgfRAFaEqokcA-wHA9McwJzQaN44JW1dqtkoLXaMKtyemb9LlfI1ckIG5ncZ98I3Jot_mobp_Bt1Il4Xsj6tUUG_VLd_RzIRlBtp5EsYDZ=w800-h500-k-no,"Monday: 9AM–5PM, Tuesday: 9AM–5PM, Wednesday: 9AM–5PM, Thursday: 9AM–5PM, Friday: 9AM–5PM, Saturday: 9AM–5PM, Sunday: Closed",Ear Cleaning,,Pet Store with Grooming,,4.9,61.0,Active,False,2026-04-01,40.8274677,-73.9867204
J's Doggy Spa,j-s-doggy-spa-fort-lee-nj,"J's Doggy Spa offers a plethora of different dog grooming services which includes, full grooming, bath, and maintenance. There are highly specialized services catered to every unique dog breed and easy ways of communication with the owner in what you desire for your pet. Some of the 'extra' services offered on my site include special bath and 'spa' services",507 Main St Suite C,Fort Lee,New Jersey,7024,(201) 551-1888,https://www.jsdoggyspa.com/,"https://www.google.com/maps/place/J%27s+Doggy+Spa/@40.8561799,-73.97799599999999,14z/data=!4m8!1m2!2m1!1sJ%27s+Doggy+Spa!3m4!1s0x89c2f78cfe49127f:0xa4a9e7146fa8ba4a!8m2!3d40.8561799!4d-73.97799599999999",https://lh3.googleusercontent.com/gps-cs-s/AHVAwerXDujubhmGBq1X054QTgUxy2ru6pGE4iGfZP21oVcXKLtxg6QFAIej46X0-fc_v4W_IOH1yp6kYyA3o-I01N2q_WgsOiZbs9xozn2c2PiIvALmnX3pRzKTlhSTgcjuGZNOtHwtmA=w800-h500-k-no,"Monday: 9AM–6PM, Tuesday: Closed, Wednesday: Closed, Thursday: 9AM–6PM, Friday: 9AM–6PM, Saturday: 10AM–6PM, Sunday: 10AM–6PM",Full Grooming,,Full-Service Salon,,4.9,45.0,Active,False,2026-04-01,40.8561799,-73.97799599999999
Pet Story NY,pet-story-ny-fort-lee-nj,"{""Service options"": {""Onsite services"": true, ""Language assistance"": ""English""}, ""Accessibility"": {""Wheelchair accessible entrance"": true, ""Wheelchair accessible parking lot"": true, ""Wheelchair accessible seating"": true, ""Wheelchair accessible restroom"": false}, ""Crowd"": {""LGBTQ+ friendly"": true}, ""Planning"": {""Accepts walk-ins"": true}, ""Payments"": {""Credit cards"": true, ""Debit cards"": true, ""NFC mobile payments"": true}, ""Parking"": {""Free parking lot"": true, ""Free street parking"": true}, ""Other"": {""LGBTQ+ friendly"": true}}",1625 Lemoine Ave #1,Fort Lee,New Jersey,7024,(201) 969-1500,http://www.petstoryonline.com/,"https://www.google.com/maps/place/Pet+Story+NY/@40.850161,-73.9706575,14z/data=!4m8!1m2!2m1!1sPet+Story+NY!3m4!1s0x89c2f65738520369:0x2048a9af6c593137!8m2!3d40.850161!4d-73.9706575",https://lh3.googleusercontent.com/gps-cs-s/AHVAwerIlRcgQTEhZr6UEcnui0T1JN53WvqpraS2nbdJCbuDAeH4iuzBNvqSwnemptigAvKWqpyuIFyFYIaslTh0UIsHlP8r38FDrTl9bFoITl1LHO9O7mHvQPZn7kR2JDeKKr-VIoIfg8Wt0XyL=w800-h500-k-no,Daily: 9:30AM–7PM,,,Pet Store with Grooming,,4.8,618.0,Active,False,2026-04-01,40.850161,-73.9706575
Grooming Salon Inc.,grooming-salon-inc-palisades-park-nj,"{""Service options"": {""Onsite services"": true}, ""Accessibility"": {""Wheelchair accessible entrance"": false}, ""Payments"": {""Debit cards"": true, ""NFC mobile payments"": true, ""Credit cards"": true}, ""Parking"": {""Free street parking"": true}}",545 Broad Ave,Palisades Park,New Jersey,7650,(201) 292-3700,https://www.petstarspa.com/,"https://www.google.com/maps/place/Grooming+Salon+Inc./@40.8540266,-73.9938191,14z/data=!4m8!1m2!2m1!1sGrooming+Salon+Inc.!3m4!1s0x89c2f723b9c70409:0xa35ccffb8fa1bb4!8m2!3d40.8540266!4d-73.9938191",https://lh3.googleusercontent.com/gps-cs-s/AHVAwepZzodZcewx3vQKXYQ4AYd2FbHrAt-xgLFrcE5lMUsDJZ4czkdcChMZfz888rr4DZ9-sUlH_CVZuFThDRWg6NGpxQEa7CFWx0FesqeHfwqQAbDw8x4C_prauXitVgZj6hNXqdFc=w800-h500-k-no,Daily: 8AM–7PM,,,Full-Service Salon,,4.5,101.0,Active,False,2026-04-01,40.8540266,-73.9938191
Waggy Tails Dog Grooming Salon,waggy-tails-dog-grooming-salon-ridgefield-park-nj,"{""Service options"": {""Onsite services"": true, ""Language assistance"": ""English, Spanish""}, ""Payments"": {""Credit cards"": true, ""Debit cards"": true}, ""Parking"": {""Paid parking lot"": true}}",219 Main St,Ridgefield Park,New Jersey,7660,(201) 440-4447,https://waggytailsnj.com/,"https://www.google.com/maps/place/Waggy+Tails+Dog+Grooming+Salon/@40.8576803,-74.0246465,14z/data=!4m8!1m2!2m1!1sWaggy+Tails+Dog+Grooming+Salon!3m4!1s0x89c2f760d0c365d9:0xe09039593bc744ab!8m2!3d40.8576803!4d-74.0246465",https://lh3.googleusercontent.com/gps-cs-s/AHVAweoyz_pdOjgQacMzRfJ3QutbrOy2dUBlcou_V2Rl2590tpxLWFu9EsRclMFEkqbT_eItLVDm0PpT6i78y-HJVvBSoZz30gmURzAla-2DJSzqF5GdMyMbKetUM5tMjQ7FGNjB_JM9ow=w800-h500-k-no,"Monday: Closed, Tuesday: Closed, Wednesday: 9AM–4:30PM, Thursday: 9AM–4:30PM, Friday: 9AM–4:30PM, Saturday: 9AM–4PM, Sunday: Closed",Bath & Brush,,Full-Service Salon,,4.7,141.0,Active,False,2026-04-01,40.8576803,-74.0246465
Pet Groom New York City in Home - Dog & Cat Grooming,pet-groom-new-york-city-in-home-dog-cat-grooming-new-york-ny,"New York City in home.mobile dog and cat grooming services in NYC offering dog grooming and cat grooming in your pet's home including  nails, baths, hair cuts, grooming all breeds.",10 Sheridan Square,New York,New York,10014,(212) 920-5585,http://petgroomnyc.com/,"https://www.google.com/maps/place/Pet+Groom+New+York+City+in+Home+-+Dog+%26+Cat+Grooming/@40.733323899999995,-74.0021707,14z/data=!4m8!1m2!2m1!1sPet+Groom+New+York+City+in+Home+-+Dog+%26+Cat+Grooming!3m4!1s0x89c25993f5f7a2f7:0xa12473e8da7d79e6!8m2!3d40.733323899999995!4d-74.0021707",https://lh3.googleusercontent.com/gps-cs-s/AHVAwericAJVyOvYbASgeprEkQKFW9SzejwimMkSBQf9-lYxnbZfMRGHP9r7xWe6Gcg08nEQtKEWGjTf4aINt5FJ_Fe_pbUTLl5AKHIZqtvFJ4juLiaOhqGy4Q4-6PUSwrjScr5yTIMZ1Q=w800-h500-k-no,"Monday: 10AM–9:30PM, Tuesday: 10AM–10PM, Wednesday: 10AM–12AM, Thursday: 12–10PM, Friday: 10AM–10PM, Saturday: 10AM–10PM, Sunday: 10AM–10PM",Cat Grooming,Cat Grooming,Full-Service Salon,,4.9,53.0,Active,False,2026-04-01,40.73332389999999,-74.0021707
Furry N' Fabulous Lower East Side,furry-n-fabulous-lower-east-side-new-york-ny,"{""Accessibility"": {""Wheelchair accessible parking lot"": false}, ""Payments"": {""Credit cards"": true, ""Debit cards"": true, ""NFC mobile payments"": true}}",153 1/2 Stanton St,New York,New York,10002,(929) 497-1740,https://www.furrynfab.com/,"https://www.google.com/maps/place/Furry+N%27+Fabulous+Lower+East+Side/@40.7203423,-73.9849967,14z/data=!4m8!1m2!2m1!1sFurry+N%27+Fabulous+Lower+East+Side!3m4!1s0x89c2593d92a2fa75:0x9b880d810d70c544!8m2!3d40.7203423!4d-73.9849967",https://lh3.googleusercontent.com/gps-cs-s/AHVAwepfvS3uvZFzr6aNlT4p6kXQyiRxFBamv2d_RbFn8pXHMzx7EhNPrCZ1-o5iYlzCJCHTM2pE52o2G-LPH7Ma-YCRiSpmli_Sz5zhHYSTK1jWwfGL59Adiyaok4bzx-tXePCFsXSEPUsdMX3c=w800-h500-k-no,"Monday: 8:30AM–5PM, Tuesday: 8AM–5PM, Wednesday: 8AM–5PM, Thursday: 8AM–5PM, Friday: 8AM–5PM, Saturday: 8AM–5PM, Sunday: 8AM–5PM",,,Full-Service Salon,,4.6,127.0,Active,False,2026-04-01,40.7203423,-73.9849967
Central Park Pet Spa,central-park-pet-spa-new-york-ny,"{""Service options"": {""Onsite services"": true}, ""Accessibility"": {""Wheelchair accessible entrance"": true}, ""Payments"": {""Credit cards"": true, ""Debit cards"": true, ""NFC mobile payments"": true}}",827 10th Ave,New York,New York,10019,(212) 581-2777,http://centralparkpetspa.com/,"https://www.google.com/maps/place/Central+Park+Pet+Spa/@40.767756399999996,-73.9898673,14z/data=!4m8!1m2!2m1!1sCentral+Park+Pet+Spa!3m4!1s0x89c259b8c1f36a11:0xfdda58564e89bbf7!8m2!3d40.767756399999996!4d-73.9898673",https://lh3.googleusercontent.com/gps-cs-s/AHVAwerjPC_EOKCOHeJdHEd2949bFilX4dRjHWCXMBleLOHL_xMDpEsezr9caUccZC2kInnsdn-d1YeYEQgTYrPVC5kunN4BuxHlyGpHwPEX7F1NopKdfQRHrYTsFhsHaTmDx4LJ3C2T=w800-h500-k-no,"Monday: Closed, Tuesday: 9AM–5PM, Wednesday: 9AM–5PM, Thursday: 9AM–5PM, Friday: 9AM–5PM, Saturday: 9AM–5PM, Sunday: Closed",,,Pet Spa,,4.5,127.0,Active,False,2026-04-01,40.7677564,-73.9898673
Le Pet Spa,le-pet-spa-new-york-ny,"{""Service options"": {""Onsite services"": true}, ""Accessibility"": {""Wheelchair accessible parking lot"": false}, ""Payments"": {""Credit cards"": true, ""Debit cards"": true, ""NFC mobile payments"": true}}",300 Rector Pl,New York,New York,10280,(212) 786-9070,http://www.lepetspabpc.com/,"https://www.google.com/maps/place/Le+Pet+Spa/@40.708894199999996,-74.0175081,14z/data=!4m8!1m2!2m1!1sLe+Pet+Spa!3m4!1s0x89c25a1030ec2ce3:0xef5e150dc0b4354c!8m2!3d40.708894199999996!4d-74.0175081",https://lh3.googleusercontent.com/gps-cs-s/AHVAweqEAn4Lp0gwhxfjr4NrCD1hQ_IA5OzrvJ15A5BJXJ0clxf1QMykhmfLE4r7o1XgLZeapdCjNX1fj46oMjqBF1NVBeVEV1M70dnFGsFY1QXLWd47WPAglDCigQRShaHQTqFzXVHz=w800-h500-k-no,"Monday: 10:30AM–7PM, Tuesday: 10:30AM–7PM, Wednesday: 10:30AM–7PM, Thursday: 10:30AM–7PM, Friday: 11AM–7PM, Saturday: 10:30AM–6PM, Sunday: 10:30AM–6PM",,,Pet Spa,,4.8,91.0,Active,False,2026-04-01,40.7088942,-74.0175081
The Bark Shoppe,the-bark-shoppe-new-york-ny,"{""From the business"": {""Identifies as Black-owned"": true, ""Identifies as women-owned"": true}, ""Service options"": {""Onsite services"": true}, ""Accessibility"": {""Wheelchair accessible entrance"": false, ""Wheelchair accessible parking lot"": false}, ""Payments"": {""Credit cards"": true, ""Debit cards"": true, ""NFC mobile payments"": true}, ""Parking"": {""Paid street parking"": true}, ""Other"": {""Identifies as Black-owned"": true, ""Identifies as women-owned"": true}}",100 St Nicholas Ave,New York,New York,10026,(646) 590-1902,http://www.thebarkshoppe.com/,"https://www.google.com/maps/place/The+Bark+Shoppe/@40.802437399999995,-73.9523336,14z/data=!4m8!1m2!2m1!1sThe+Bark+Shoppe!3m4!1s0x89c2f610dfbeaca5:0x9134291553b3e479!8m2!3d40.802437399999995!4d-73.9523336",https://lh3.googleusercontent.com/gps-cs-s/AHVAwer8SLewOhfLxrBTVG8kLl2-loeo2jPWk7F2qTe8IJ9_qJB3zqIKo1KlXOMJ_0vcFC9Q-MlabqNOpOxtYF3aDKhPZdVnhLkFLyBGOtnmqqzfE2T0VBqzFwkcve0fpFEN6XsJHX3i=w800-h500-k-no,Daily: 8AM–6PM,,,Full-Service Salon,,4.5,478.0,Active,False,2026-04-01,40.8024374,-73.9523336
Unleashed Spa Pet Grooming,unleashed-spa-pet-grooming-new-york-ny,"{""From the business"": {""Identifies as women-owned"": true}, ""Service options"": {""Onsite services"": true, ""Language assistance"": ""English, Spanish""}, ""Accessibility"": {""Wheelchair accessible entrance"": false, ""Wheelchair accessible parking lot"": false}, ""Payments"": {""Credit cards"": true, ""Debit cards"": true, ""NFC mobile payments"": true}, ""Other"": {""Identifies as women-owned"": true}}",218 Avenue B,New York,New York,10009,(212) 533-9300,http://www.unleashedspa.com/,"https://www.google.com/maps/place/Unleashed+Spa+Pet+Grooming/@40.728964999999995,-73.978595,14z/data=!4m8!1m2!2m1!1sUnleashed+Spa+Pet+Grooming!3m4!1s0x89c25976bd75b5e5:0x6df79ab4113c23c3!8m2!3d40.728964999999995!4d-73.978595",https://lh3.googleusercontent.com/gps-cs-s/AHVAweotOd7yttY1FiTFBgQStob8ike59Br_W-oJxyv72glOVyGL86QZJQivfyjT07c-ZneIBKwjXx1NczuTkxl9PWEPSwKFtuHXpKcUEuJz0vGyY3i4r2vXOC996rB3MDmyUhsleFb0=w800-h500-k-no,Daily: 9AM–5PM,,,Full-Service Salon,,4.8,402.0,Active,False,2026-04-01,40.728965,-73.978595
Puppy Tale Lodge,puppy-tale-lodge-new-york-ny,"{""Service options"": {""Outdoor services"": true, ""Onsite services"": true, ""Language assistance"": ""English, Portuguese, Spanish""}, ""Payments"": {""Credit cards"": true, ""Debit cards"": true}}",315 E 74th St,New York,New York,10021,(929) 578-7822,http://www.puppytalelodge.com/,"https://www.google.com/maps/place/Puppy+Tale+Lodge/@40.769873,-73.956463,14z/data=!4m8!1m2!2m1!1sPuppy+Tale+Lodge!3m4!1s0x89c258c08b2bc46b:0x8c8902d61347ccf4!8m2!3d40.769873!4d-73.956463",https://lh3.googleusercontent.com/gps-cs-s/AHVAweo_xcQ1Nne3hgt3sac3EkhVGAYWktsX-x7aoIuttclUybwqcnDshOfMYANEEtik-Qlhe3zOAJiBGEHW_QLP9fXxNRdP_Hgvg89zCBw3_-CkKINJc1zU3n2ipLdPbKxUs-40lvkv-g=w800-h500-k-no,"Monday: 7:30AM–7:30PM, Tuesday: 7:30AM–7:30PM, Wednesday: 7:30AM–7:30PM, Thursday: 7:30AM–7:30PM, Friday: 7:30AM–7:30PM, Saturday: Closed, Sunday: Closed",Puppy First Groom,Puppy First Groom,Full-Service Salon,,4.8,57.0,Active,False,2026-04-01,40.769873,-73.956463
The Pet Maven: house call pet grooming and cat sitting,the-pet-maven-house-call-pet-grooming-and-cat-sitting-new-york-ny,"Cat Sitter NYC. FAQ Cat Sitter in Brooklyn, Queens, Manhattan and New York City by The Pet Maven.",2 Tudor City Pl,New York,New York,10017,(917) 744-4709,http://www.thepetmaven.com/,"https://www.google.com/maps/place/The+Pet+Maven%3A+house+call+pet+grooming+and+cat+sitting/@40.7483919,-73.9713866,14z/data=!4m8!1m2!2m1!1sThe+Pet+Maven%3A+house+call+pet+grooming+and+cat+sitting!3m4!1s0x89c25904a9683167:0xee1f54365b1b098b!8m2!3d40.7483919!4d-73.9713866",https://lh3.googleusercontent.com/gps-cs-s/AHVAwephQsf2kNSq8TlgnNi6SeFa6y-ew8jrrt3yFKH0lvIPko-fbqEsYZjt9XGo3VrshDGeVGPU9F154el09-AIPUY1cZd_zw1vaTbizVxYK-Q1_rHjQNjcNVJRaUMGsIzEMu6wxvIX6A=w800-h500-k-no,"Monday: 9AM–5PM, Tuesday: 9AM–5PM, Wednesday: 9AM–5PM, Thursday: 9AM–5PM, Friday: 9AM–5PM, Saturday: 9AM–5PM, Sunday: Closed",,Mobile Grooming,Mobile Grooming,,5.0,10.0,Active,False,2026-04-01,40.7483919,-73.9713866
Lucky Paws Pet Grooming (Under New Ownership),lucky-paws-pet-grooming-under-new-ownership-new-york-ny,Lucky Paws LuckyPaws Luck Pas USA Universal Pet Holding UniversalPetHoldings DrPetMD Your Neighborhood Grooming Shop​ 1-888-256-3048 Our Locations Request Appointment Choose a Location - Select -Lucky Paws Rego ParkLucky Paws HuntingtonLucky Paws Islip Lucky Paws Bedford Hills Lucky Paws Syosset Lucky Paws New Hyde Park Lucky Paws Bethpage Lucky Paws Port Washington Lucky Paws Howard Beach Lucky Paws Wantagh Lucky Paws Shoreham Lucky Paws NYC-Washington St.Lucky Paws NYC-Chelsea Lucky Paws NYC-Gramercy Gerard Marrone Gerrard Marone Gerard Marone Dr Pet Md Vetinarian grooming pet Grooming PetCare,168 9th Ave,New York,New York,10011,(212) 924-5300,https://luckypawsusa.com/,"https://www.google.com/maps/place/Lucky+Paws+Pet+Grooming+%28Under+New+Ownership%29/@40.7448078,-74.0022591,14z/data=!4m8!1m2!2m1!1sLucky+Paws+Pet+Grooming+%28Under+New+Ownership%29!3m4!1s0x89c259bc04a70315:0x36426cd9eff96cfe!8m2!3d40.7448078!4d-74.0022591",https://lh3.googleusercontent.com/gps-cs-s/AHVAweraq6zj5ejesHwN_r3lQGv_QA-9KJojB2rKAaM8Sb0irjWiYdTPk1kZkdC-Oek998nSd0QHhJVRbHOzY_oC4aT3mF8AG7DZhE1rzJ4_m8MUlQkQxzqy1g3TpoL-mj4gi7YECck=w800-h500-k-no,"Monday: 9AM–5PM, Tuesday: 9AM–5PM, Wednesday: 9AM–5PM, Thursday: 9AM–5PM, Friday: 9AM–5PM, Saturday: 9AM–5PM, Sunday: Closed",,,Full-Service Salon,,4.1,82.0,Active,False,2026-04-01,40.7448078,-74.0022591
Grooming 4 Less,grooming-4-less-new-york-ny,"{""From the business"": {""Identifies as Latino-owned"": true}, ""Accessibility"": {""Wheelchair accessible entrance"": true}, ""Payments"": {""Credit cards"": true, ""Debit cards"": true, ""NFC mobile payments"": true}, ""Other"": {""Identifies as Latino-owned"": true}}",50 Gouverneur St,New York,New York,10002,(646) 431-8043,http://www.grooming4less.com/,"https://www.google.com/maps/place/Grooming+4+Less/@40.712517999999996,-73.98352299999999,14z/data=!4m8!1m2!2m1!1sGrooming+4+Less!3m4!1s0x89c25a2b255303b9:0x2307aaf6d7d8869!8m2!3d40.712517999999996!4d-73.98352299999999",https://lh3.googleusercontent.com/gps-cs-s/AHVAwephk34-OCTZqyfamEwyiA_JZPOzavrZ6B1dKL79kn9HgqdPT-QT5mC4gHgvNkjroevGASwVpqPhUnyGLFR2GKjOG2BJmVjV15EUXFMpYt3xIsbNwXkDOsXEbwXF2Eu5XjdbfVg=w800-h500-k-no,"Monday: Closed, Tuesday: 10AM–3PM, Wednesday: 10AM–3PM, Thursday: 10AM–4PM, Friday: 10AM–4PM, Saturday: 10AM–4PM, Sunday: 10AM–3PM",,,Pet Store with Grooming,,4.9,118.0,Active,False,2026-04-01,40.712518,-73.98352299999999
Lou-Lou Pets Grooming Mobile In-home Services,lou-lou-pets-grooming-mobile-in-home-services-new-york-ny,"{""Service options"": {""Language assistance"": ""English, Portuguese, Spanish""}, ""Payments"": {""Credit cards"": true, ""Debit cards"": true, ""NFC mobile payments"": true}}",2265 2nd Ave,New York,New York,10035,(646) 854-8453,http://www.louloupets.com/,"https://www.google.com/maps/place/Lou-Lou+Pets+Grooming+Mobile+In-home+Services/@40.7973407,-73.937842,14z/data=!4m8!1m2!2m1!1sLou-Lou+Pets+Grooming+Mobile+In-home+Services!3m4!1s0x89c2f7d2c9d95201:0x4c25614ea1738e2d!8m2!3d40.7973407!4d-73.937842",https://lh3.googleusercontent.com/gps-cs-s/AHVAwerrX1donNmhQCzGhmR6zhXJM50lEVkYZDP8EyQdxvblCqnxSonZ7K_By0rDXZSyDkregZaPpnNNtj8oBffBIXTLTRymjRtNNXzy4dRz9aidFI3CHOyumq06jwcJJiJwHaMiemK8=w800-h500-k-no,"Monday: 8AM–7PM, Tuesday: 8AM–7PM, Wednesday: 8AM–7PM, Thursday: 8AM–7PM, Friday: 8AM–7PM, Saturday: 10AM–4PM, Sunday: Closed",,,Pet Spa,,5.0,115.0,Active,False,2026-04-01,40.7973407,-73.937842
Rapawzel Dog Grooming & Day Care,rapawzel-dog-grooming-day-care-new-york-ny,"{""From the business"": {""Identifies as women-owned"": true}, ""Service options"": {""Onsite services"": true}, ""Accessibility"": {""Wheelchair accessible entrance"": false, ""Wheelchair accessible parking lot"": false}, ""Crowd"": {""LGBTQ+ friendly"": true}, ""Payments"": {""Credit cards"": true, ""Debit cards"": true, ""NFC mobile payments"": true}, ""Other"": {""LGBTQ+ friendly"": true, ""Identifies as women-owned"": true}}",208 E 82nd St #2,New York,New York,10028,(212) 396-2585,https://rapawzeldoggroomer.com/dog-grooming-and-daycare-in-manhattan/,"https://www.google.com/maps/place/Rapawzel+Dog+Grooming+%26+Day+Care/@40.7759177,-73.9553273,14z/data=!4m8!1m2!2m1!1sRapawzel+Dog+Grooming+%26+Day+Care!3m4!1s0x89c258bc2095c797:0xbb913b9d9f5862f0!8m2!3d40.7759177!4d-73.9553273",https://lh3.googleusercontent.com/gps-cs-s/AHVAwepNPIQVhCqN0p8wQjbDkl_cVU0z_0w2TZcF7s-4wRqqBKjPuUSQE6ZjN7Uh0KGmQyYVWN2pmfh8blThFZwv_lFU-tFLCtQYx8UUJ-F1Xl4PuJLDEL-xRMqLE0iTgd1A_-tmwdLFsPWp_PSp=w800-h500-k-no,"Monday: 8AM–6PM, Tuesday: 8AM–6PM, Wednesday: 8AM–6PM, Thursday: 8AM–6PM, Friday: 8AM–6PM, Saturday: 8:30AM–6PM, Sunday: 8:30AM–6PM",,,Pet Store with Grooming,,4.6,273.0,Active,False,2026-04-01,40.7759177,-73.9553273
Amanda's Doggy Stylez,amanda-s-doggy-stylez-new-york-ny,"{""From the business"": {""Identifies as Latino-owned"": true, ""Identifies as women-owned"": true}, ""Service options"": {""Language assistance"": ""English, Spanish""}, ""Accessibility"": {""Wheelchair accessible parking lot"": false}, ""Amenities"": {""Gender-neutral restroom"": true}, ""Crowd"": {""LGBTQ+ friendly"": true}, ""Payments"": {""Debit cards"": true, ""NFC mobile payments"": true}, ""Other"": {""LGBTQ+ friendly"": true, ""Identifies as women-owned"": true, ""Identifies as Latino-owned"": true}}",4646 Broadway,New York,New York,10040,(646) 280-0811,https://www.amandasdoggystylez.com/,"https://www.google.com/maps/place/Amanda%27s+Doggy+Stylez/@40.8617729,-73.9297816,14z/data=!4m8!1m2!2m1!1sAmanda%27s+Doggy+Stylez!3m4!1s0x89c2f5beaa40487b:0xf7a345e6bc028702!8m2!3d40.8617729!4d-73.9297816",https://lh3.googleusercontent.com/gps-cs-s/AHVAwep04H1dKchhXpXHuSnfRQGgUEsx5rG3_OwDl6s-EWecPfCAJKBXCyYYz4tKUhK422N1bAlIV9FM0Q8zTbZZr1_PkqZ2Ng5wkqZLggmZdugF1eCCXfzUVZbCMtgWHW89McIMwFvMbw=w800-h500-k-no,"Monday: 9AM–7PM, Tuesday: 9AM–7PM, Wednesday: 9AM–7PM, Thursday: 9AM–7PM, Friday: 9AM–7PM, Saturday: 9AM–7PM, Sunday: Closed",,,Full-Service Salon,,4.9,67.0,Active,False,2026-04-01,40.8617729,-73.9297816
PetnessWanderer,petnesswanderer-new-york-ny,"{""Service options"": {""Onsite services"": true}, ""Accessibility"": {""Wheelchair accessible parking lot"": false}, ""Payments"": {""Credit cards"": true, ""Debit cards"": true, ""NFC mobile payments"": true}}",247 Audubon Ave,New York,New York,10033,(917) 261-4565,https://petnesswanderer.shop/,"https://www.google.com/maps/place/PetnessWanderer/@40.8461918,-73.9340416,14z/data=!4m8!1m2!2m1!1sPetnessWanderer!3m4!1s0x89c259cfb4966b5b:0xb4ee8896b6f662e7!8m2!3d40.8461918!4d-73.9340416",https://lh3.googleusercontent.com/gps-cs-s/AHVAweqbIKPbalTFsikTr4fVGMQ-yzmaH_3AlRLzOXecj1M2n41p6xJpbv1jkdaIB0GoASMd7qcbyoWEHLf75lNQ-i8U1iAISvDiGGgipPvOQKGhoKC_xVkxYHFLnN0HNkGU9nsTvobCxRLLUu4=w800-h500-k-no,Daily: 9AM–5PM,,,Full-Service Salon,,4.4,300.0,Active,False,2026-04-01,40.8461918,-73.9340416
Queens Dog Spa,queens-dog-spa-long-island-city-ny,Find the best dog groomers in Queens at our pet spa. We offer professional dog grooming services to keep your furry friend looking their best.,41-26 27th St,Long Island City,New York,11101,(332) 201-3971,https://queensdogspa.nyc/,"https://www.google.com/maps/place/Queens+Dog+Spa/@40.7513042,-73.939082,14z/data=!4m8!1m2!2m1!1sQueens+Dog+Spa!3m4!1s0x89c259318ccbd105:0x5e4c08b21b3d9bdf!8m2!3d40.7513042!4d-73.939082",https://lh3.googleusercontent.com/gps-cs-s/AHVAwequekEXvUoMX24_6POYl9wHMio2hEp9kPK1YaAN6FEcBblNlivhAbPta-z6GFZeZPu-ew3ayV5yve3eQEidAAzpvDoiYgqC_rTU-0IP3WYfkvkjas-UYilHMJWMSwMWojCTFUX0=w800-h500-k-no,Daily: 7AM–7PM,,,Pet Spa,,4.8,43.0,Active,False,2026-04-01,40.7513042,-73.939082
Bonnie's Royal Pet,bonnie-s-royal-pet-minneapolis-mn,"{""Service options"": {""Onsite services"": true}, ""Accessibility"": {""Wheelchair accessible entrance"": true, ""Wheelchair accessible parking lot"": true}, ""Payments"": {""Credit cards"": true, ""Debit cards"": true, ""NFC mobile payments"": true}}",3019 Lyndale Ave S,Minneapolis,Minnesota,55408,(612) 822-1655,http://royalpetbeautyshop.com/,"https://www.google.com/maps/place/Bonnie%27s+Royal+Pet/@44.9476672,-93.2877944,14z/data=!4m8!1m2!2m1!1sBonnie%27s+Royal+Pet!3m4!1s0x87f6278f50f699b9:0x273562513b1da519!8m2!3d44.9476672!4d-93.2877944",https://lh3.googleusercontent.com/gps-cs-s/AHVAwervl7g8ly9ESQqKKiPUPbqZnqAA5scVagGsP5LKVj_VEnfXmsi0jYePdg7QXeAj9AkPj0E7XD6Z9LuQylBiLHwN3aOgvAqMbG2lG1ySzcraq0TAbQfko4DKg6gMD6ZdVI9eBsRVTx8WIY4=w800-h500-k-no,"Monday: 7AM–5PM, Tuesday: 7AM–5PM, Wednesday: 7AM–5PM, Thursday: 7AM–5PM, Friday: 7AM–5PM, Saturday: 7AM–5PM, Sunday: Closed",,,Full-Service Salon,,4.6,325.0,Active,False,2026-04-01,44.9476672,-93.2877944
Pamper Your Pet,pamper-your-pet-verona-nj,"{""From the business"": {""Identifies as women-owned"": true}, ""Service options"": {""Onsite services"": true}, ""Amenities"": {""Gender-neutral restroom"": true}, ""Crowd"": {""LGBTQ+ friendly"": true, ""Transgender safespace"": true}, ""Payments"": {""Credit cards"": true, ""Debit cards"": true, ""NFC mobile payments"": true}, ""Parking"": {""Free parking lot"": true, ""On-site parking"": true}, ""Other"": {""LGBTQ+ friendly"": true, ""Identifies as women-owned"": true}}",133 Bloomfield Ave Apartment 1,Verona,New Jersey,7044,(973) 857-2799,http://pamperyourpetnj.com/,"https://www.google.com/maps/place/Pamper+Your+Pet/@40.825404899999995,-74.2325848,14z/data=!4m8!1m2!2m1!1sPamper+Your+Pet!3m4!1s0x89c3aaa662e0a481:0x851c5a15078d4993!8m2!3d40.825404899999995!4d-74.2325848",https://lh3.googleusercontent.com/gps-cs-s/AHVAweroXXxkUF0q2fylj6kRwHi1Z7wBc80JURz_dcelGwsyo0NMqwKKI9iuod77bFBWhPLZYeCavZhlqeIYu_LMvyXGYJi41Y-jiXbBz1vXw_6Mj23lIgKjOJ65xPj6Us5XzUpQM6s=w800-h500-k-no,"Monday: 8AM–6PM, Tuesday: 8AM–6PM, Wednesday: 8AM–6PM, Thursday: 8AM–6PM, Friday: 8AM–6PM, Saturday: 8AM–6PM, Sunday: Closed",,,Pet Spa,,4.7,276.0,Active,False,2026-04-01,40.8254049,-74.2325848
Pretty Paws Grooming,pretty-paws-grooming-nampa-id,"For general questions regarding our services, brands, or policies, you can reach our main office line or email us directly. Or, book your appointment online.",2623 Southside Blvd,Nampa,Idaho,83686,(208) 856-0787,https://www.prettypawsdogs.com/,"https://www.google.com/maps/place/Pretty+Paws+Grooming/@43.5430188,-116.53311389999999,14z/data=!4m8!1m2!2m1!1sPretty+Paws+Grooming!3m4!1s0x54ae4eb842e52761:0x5b24c878cd54c161!8m2!3d43.5430188!4d-116.53311389999999",https://lh3.googleusercontent.com/gps-cs-s/AHVAweoYsvfBfe8L9-nd9vMzYG-4NuikRanjW_nu0mADTpP0y_xmLK-z4X9zI3Lx3cFEvrGANxuvX3So_egrtk00iz-oYpLlHRxX0NNECjDQ1-Su6BwtjsVjAinBdRjDida51puJA1IM=w800-h500-k-no,"Monday: 9AM–6PM, Tuesday: 9AM–6PM, Wednesday: 9AM–6PM, Thursday: 9AM–6PM, Friday: 9AM–6PM, Saturday: 9AM–6PM, Sunday: Closed",,,Full-Service Salon,,4.7,167.0,Active,False,2026-04-01,43.5430188,-116.5331139
D's Head To Tails Grooming,d-s-head-to-tails-grooming-nampa-id,"{""Accessibility"": {""Wheelchair accessible parking lot"": true}, ""Payments"": {""Credit cards"": true, ""Debit cards"": true}}",29 S Tamarack Way,Nampa,Idaho,83651,(208) 392-8835,https://dsheadtotailsgrooming.com/,"https://www.google.com/maps/place/D%27s+Head+To+Tails+Grooming/@43.574187099999996,-116.5991069,14z/data=!4m8!1m2!2m1!1sD%27s+Head+To+Tails+Grooming!3m4!1s0x54ae4b523beb306d:0x4606864d4c388f38!8m2!3d43.574187099999996!4d-116.5991069",https://lh3.googleusercontent.com/gps-cs-s/AHVAweq7A2FEXYvvYT1mAUGp_fMy-jUsgiFxjA5z1F94KCqZoc3lvYpiToH2fjijHYReaU-GpeU5f367uQ9aZ5N1v8gEfcD99uDAmFBd6Ul3nBht_X960cz53hDi3-TmtqyZSfCIDVq7pORjzQQ=w800-h500-k-no,"Monday: 8AM–4PM, Tuesday: 8AM–4PM, Wednesday: 8AM–4PM, Thursday: 8AM–4PM, Friday: 8AM–4PM, Saturday: Closed, Sunday: Closed",,,Full-Service Salon,,5.0,4.0,Active,False,2026-04-01,43.5741871,-116.5991069
K9 Spa and Grooming,k9-spa-and-grooming-nampa-id,"{""Accessibility"": {""Wheelchair accessible entrance"": true, ""Wheelchair accessible parking lot"": true}, ""Payments"": {""Credit cards"": true, ""Debit cards"": true, ""NFC mobile payments"": true}}",1415 N Midland Blvd,Nampa,Idaho,83651,(208) 468-3647,https://www.facebook.com/pages/category/Pet-Groomer/K-9-Spa-Grooming-424218384366065/,"https://www.google.com/maps/place/K9+Spa+and+Grooming/@43.5972927,-116.59375879999999,14z/data=!4m8!1m2!2m1!1sK9+Spa+and+Grooming!3m4!1s0x54ae4c6bcb15fdd3:0xb5a0451c0f9a87d6!8m2!3d43.5972927!4d-116.59375879999999",https://lh3.googleusercontent.com/gps-cs-s/AHVAwepia9EJRLkjEzgwdQa0dYKPE_InHJ3KOUsxDc11engvbEdI7-Y5k85BvfRUgMo-JlmT4KcN7icKSHbjVED3MTwwFEuhdjEoehSQ4n-7k1i9HREQkRNWm5Qq3Fg3F5Rj9zLSOxTGYA=w800-h500-k-no,"Monday: 9AM–5PM, Tuesday: 9AM–5PM, Wednesday: 9AM–5PM, Thursday: 9AM–5PM, Friday: 9AM–5PM, Saturday: Closed, Sunday: Closed",,,Full-Service Salon,,4.7,94.0,Active,False,2026-04-01,43.5972927,-116.5937588
The Pupp Wash,the-pupp-wash-nampa-id,"{""Service options"": {""Onsite services"": true}, ""Accessibility"": {""Wheelchair accessible parking lot"": true}, ""Payments"": {""Credit cards"": true, ""Debit cards"": true}, ""Parking"": {""Free parking garage"": true, ""On-site parking"": true}}",1465 N Sagittarius Ct,Nampa,Idaho,83651,(208) 982-2376,https://thepuppwash.com/,"https://www.google.com/maps/place/The+Pupp+Wash/@43.5974028,-116.61202739999999,14z/data=!4m8!1m2!2m1!1sThe+Pupp+Wash!3m4!1s0x54ae4b0072687b6b:0x6e85398c9dd3ffea!8m2!3d43.5974028!4d-116.61202739999999",https://lh3.googleusercontent.com/gps-cs-s/AHVAweqHNE2JMHnoeQI5O0aPJj8Ng2RrD1ww00q5f5RPpgPY8Lt2P_nvTGfrovdTi2eo1-4HEJThOqqU9bB9XCD5gItRLBVgAJQQaQEhZ5h857DQWnxwNzc9WXPDx9Yj_kGTYdsa1LKAvA=w800-h500-k-no,"Monday: 9AM–6PM, Tuesday: 9AM–6PM, Wednesday: 9AM–6PM, Thursday: 9AM–5PM, Friday: 9AM–6PM, Saturday: 10AM–2PM, Sunday: Closed",,,Full-Service Salon,,5.0,12.0,Active,False,2026-04-01,43.5974028,-116.6120274
Lucky Dog Salon,lucky-dog-salon-nampa-id,"Discover the best local businesses in your area. Read authentic reviews, find contact information, and connect with quality service providers.",1016 12th Ave S #4317,Nampa,Idaho,83651,(208) 466-3374,https://rymaps.xyz/business/lucky-dog-salon-loo3oc,"https://www.google.com/maps/place/Lucky+Dog+Salon/@43.571368299999996,-116.56892669999999,14z/data=!4m8!1m2!2m1!1sLucky+Dog+Salon!3m4!1s0x54ae4c6b38655645:0x4f309701a627318f!8m2!3d43.571368299999996!4d-116.56892669999999",https://lh3.googleusercontent.com/gps-cs-s/AHVAwepyNnaTp-MESYSxkQUzuVZxjPonPZPBBdQGvuFLJzGcuaxJPh7ZFRBgbi54sbvgGCCPw8iEh9cyIk-1eG-ad-CLUO5sUunyzP5N9ynn5wCIzsdQuAaq9VujuyX_5tso58rFwb0=w800-h500-k-no,"Monday: 9AM–9PM, Tuesday: 9AM–9PM, Wednesday: 9AM–9PM, Thursday: 9AM–9PM, Friday: 9AM–9PM, Saturday: Closed, Sunday: Closed",,,Full-Service Salon,,4.1,304.0,Active,False,2026-04-01,43.5713683,-116.5689267
Petco Grooming,petco-grooming-nampa-id,"{""Service options"": {""Onsite services"": true}, ""Accessibility"": {""Wheelchair accessible entrance"": true, ""Wheelchair accessible parking lot"": true}, ""Crowd"": {""LGBTQ+ friendly"": true, ""Transgender safespace"": true}, ""Planning"": {""Accepts walk-ins"": true}, ""Payments"": {""Credit cards"": true, ""Debit cards"": true, ""NFC mobile payments"": true}, ""Other"": {""LGBTQ+ friendly"": true}}",16434 N Marketplace Blvd,Nampa,Idaho,83687,(208) 467-3249,https://stores.petco.com/id/nampa/full-service-grooming-nampa-id-1229.html,"https://www.google.com/maps/place/Petco+Grooming/@43.6113314,-116.5887642,14z/data=!4m8!1m2!2m1!1sPetco+Grooming!3m4!1s0x54ae4d41102be743:0xe3294f311d19596!8m2!3d43.6113314!4d-116.5887642",https://lh3.googleusercontent.com/gps-cs-s/AHVAwerX2nskErrvyTgGQZcPr0RyzGj0rr-K0T8WZ0eLb00GsAMgrZplyh15FfrvhuxdBUjHSx4u3rnfYd5g711s-C2gNDClG2V-M8G_N5OvYe2M1x4SVPl1VIHTKonnAskARJdjdRZg=w800-h500-k-no,"Monday: 8AM–7PM, Tuesday: 8AM–7PM, Wednesday: 8AM–7PM, Thursday: 8AM–7PM, Friday: 8AM–7PM, Saturday: 8AM–7PM, Sunday: 9AM–7PM",,,Pet Store with Grooming,,4.6,96.0,Active,False,2026-04-01,43.6113314,-116.5887642
Fancy Paws Pet Salon,fancy-paws-pet-salon-nampa-id,"{""From the business"": {""Identifies as women-owned"": true}, ""Accessibility"": {""Wheelchair accessible entrance"": true, ""Wheelchair accessible parking lot"": true}, ""Payments"": {""Credit cards"": true, ""Debit cards"": true, ""NFC mobile payments"": true}, ""Parking"": {""Free parking lot"": true, ""On-site parking"": true, ""Paid parking lot"": true}, ""Other"": {""Identifies as women-owned"": true}}",2324 12th Ave Rd,Nampa,Idaho,83686,(208) 318-6674,https://www.fancypawsnampa.com/,"https://www.google.com/maps/place/Fancy+Paws+Pet+Salon/@43.5466394,-116.5708018,14z/data=!4m8!1m2!2m1!1sFancy+Paws+Pet+Salon!3m4!1s0x54ae4c892e40ba35:0x965e234cd0bce64f!8m2!3d43.5466394!4d-116.5708018",https://lh3.googleusercontent.com/gps-cs-s/AHVAwepZmKFo_JPtWTFREH_dkCZ-jlI8tcfrmQlS72ykHAlaghzEXWhcB2FefTqPDP5QYgQiPzl_pYePQAgfQVChQx13aA6oMEvtt3xEdztSk9BnCCf3WxtzQ0rQr-BDobh8w_xExtrOMA=w800-h500-k-no,"Monday: Closed, Tuesday: 8AM–4PM, Wednesday: 8AM–4PM, Thursday: 8AM–4PM, Friday: 8AM–4PM, Saturday: 8AM–4PM, Sunday: Closed",,,Full-Service Salon,,4.7,230.0,Active,False,2026-04-01,43.5466394,-116.5708018
The DogHaüs,the-doghaus-nampa-id,"{""Accessibility"": {""Wheelchair accessible parking lot"": true}, ""Payments"": {""Credit cards"": true, ""Debit cards"": true, ""NFC mobile payments"": true}}",1030 W Finch Dr,Nampa,Idaho,83651,(208) 599-6742,https://thedoghaus.square.site/,"https://www.google.com/maps/place/The+DogHa%C3%BCs/@43.603254799999995,-116.5939727,14z/data=!4m8!1m2!2m1!1sThe+DogHa%C3%BCs!3m4!1s0x278e7f19d4146105:0xdbf2f191cb5d0473!8m2!3d43.603254799999995!4d-116.5939727",https://lh3.googleusercontent.com/gps-cs-s/AHVAwerDza7k5OV6qYuiMIAAwUxnWIM2zBQOkjQDd0Ben807_S6JE4vOO1GgUFAuwA8-43sJdjx_eAIWjx4Nzf2RRxvk0d129qBNlY6j57o-Im5qBxn4K_bwH9NPrj7ZlPqm2LS6ZU2ldTZAl2V1=w800-h500-k-no,"Monday: 8AM–4PM, Tuesday: 8AM–4PM, Wednesday: 8AM–4PM, Thursday: 8AM–4PM, Friday: 8AM–4PM, Saturday: 9AM–3PM, Sunday: Closed",,,Full-Service Salon,,5.0,16.0,Active,False,2026-04-01,43.60325479999999,-116.5939727
AK Grooming,ak-grooming-nampa-id,"{""Accessibility"": {""Wheelchair accessible parking lot"": true}}",324 13th Ave N,Nampa,Idaho,83687,(208) 671-5300,https://www.akgroomer.com/,"https://www.google.com/maps/place/AK+Grooming/@43.5819541,-116.5533535,14z/data=!4m8!1m2!2m1!1sAK+Grooming!3m4!1s0x54ae4dc9a005da2f:0x8e285b6c6fd49846!8m2!3d43.5819541!4d-116.5533535",https://lh3.googleusercontent.com/gps-cs-s/AHVAwepgjE4Pl5I94NmYp-QHkjRy96NokumByWOurpk_B4zPXMeftecsvdhM7eO0MWyTMY3RWGvkzmev3xd4mvRx_cpof4H2_rewskoaBUGVn83leMYE35diyTwfuOL16A6ARNi84bJj=w800-h500-k-no,"Monday: Closed, Tuesday: 10AM–8PM, Wednesday: 10AM–6PM, Thursday: 10AM–6PM, Friday: 10AM–6PM, Saturday: 10AM–6PM, Sunday: 10AM–6PM",,,Full-Service Salon,,5.0,1.0,Active,False,2026-04-01,43.5819541,-116.5533535
Sues posh puppies salon LLC,sues-posh-puppies-salon-llc-nampa-id,"{""Accessibility"": {""Wheelchair accessible entrance"": true, ""Wheelchair accessible parking lot"": true}}",823 Caldwell Blvd,Nampa,Idaho,83651,(208) 941-7452,https://vetk.net/explore/sues-posh-puppies/,"https://www.google.com/maps/place/Sues+posh+puppies+salon+LLC/@43.5973396,-116.5919632,14z/data=!4m8!1m2!2m1!1sSues+posh+puppies+salon+LLC!3m4!1s0x54ae4c9a8aa382a1:0xcf0430c015920053!8m2!3d43.5973396!4d-116.5919632",https://lh3.googleusercontent.com/gps-cs-s/AHVAweq7F_aUrvBjrXQaDKQfd7Lz81a6tfltHTYBAiptMP6SC9eKa4VEkVpcGZNkPuoSBNjH6zKqQYS8N0cwLducypncmle9UJ9aTH9gCHIFVSjbtxzDkiGeBWjspAI5eRpxqdYaf9ML=w800-h500-k-no,"Monday: Closed, Tuesday: 9AM–7PM, Wednesday: 9AM–7PM, Thursday: 9AM–7PM, Friday: 9AM–7:30PM, Saturday: Closed, Sunday: Closed",,,Full-Service Salon,,4.8,61.0,Active,False,2026-04-01,43.5973396,-116.5919632
Your Dog Stylist- Monica Skogrand,your-dog-stylist-monica-skogrand-nampa-id,"{""From the business"": {""Identifies as women-owned"": true}, ""Accessibility"": {""Wheelchair accessible entrance"": true, ""Wheelchair accessible parking lot"": true}, ""Payments"": {""Debit cards"": true, ""Credit cards"": true}, ""Other"": {""Identifies as women-owned"": true}}",203 Crestview Dr,Nampa,Idaho,83686,(208) 602-5156,http://yourdogstylist.com/,"https://www.google.com/maps/place/Your+Dog+Stylist-+Monica+Skogrand/@43.521291399999996,-116.57114689999999,14z/data=!4m8!1m2!2m1!1sYour+Dog+Stylist-+Monica+Skogrand!3m4!1s0x54ae49e2f66a3505:0x83a180fdbd2b228b!8m2!3d43.521291399999996!4d-116.57114689999999",https://lh3.googleusercontent.com/gps-cs-s/AHVAweoJqH1APea31SouCq1XRjDTfJzKPUFkptk2kVK4UwIkEMdadYwUyJbD4sS2FU6clPzii5YT4NXiAY88olZEZmVYaTapKuKOPk5baNSMKTBwN53wI_ruPOx9NTM20PxV3muH3b5P=w800-h500-k-no,,,,Full-Service Salon,,4.6,28.0,Active,False,2026-04-01,43.5212914,-116.5711469
2C K9 Grooming,2c-k9-grooming-nampa-id,,135 Shoshone Ave,Nampa,Idaho,83651,(208) 447-8787,https://2ck9grooming.com/,"https://www.google.com/maps/place/2C+K9+Grooming/@43.5740197,-116.5748524,14z/data=!4m8!1m2!2m1!1s2C+K9+Grooming!3m4!1s0xa0e80a872834b207:0x2dd395d530f5e6ab!8m2!3d43.5740197!4d-116.5748524",https://lh3.googleusercontent.com/gps-cs-s/AHVAwep806NHgtayBtg0d2cWq9Pixoq7TG1H-FIlw6kb1MdhrDyQ8_IImPER44YmHd9tauOPCeEKxGg4AsGd6zAzQ-HhHEIDml1QlgWhFx81_2ARs8Fg95yegBJkj2EwBYh6p1Nhgf7eLYkHhIgG=w800-h500-k-no,"Monday: 9AM–5PM, Tuesday: 9AM–5PM, Wednesday: 9AM–5PM, Thursday: 9AM–5PM, Friday: 9AM–5PM, Saturday: 10AM–3PM, Sunday: Closed",,,Full-Service Salon,,5.0,3.0,Active,False,2026-04-01,43.5740197,-116.5748524
Pet Services by Morgan,pet-services-by-morgan-nampa-id,"{""Accessibility"": {""Wheelchair accessible parking lot"": true}}",2324 12th Ave Rd,Nampa,Idaho,83686,(208) 917-3518,http://www.fancypawsnampa.com/,"https://www.google.com/maps/place/Pet+Services+by+Morgan/@43.5466394,-116.5708018,14z/data=!4m8!1m2!2m1!1sPet+Services+by+Morgan!3m4!1s0x54ae4dbe12b783c5:0x3e14faabd2491148!8m2!3d43.5466394!4d-116.5708018",https://lh3.googleusercontent.com/gps-cs-s/AHVAwerS4YpJpkUuHE0-uICrZCMveRP_yMzp30VmxMaWyvnLrycyIBHd8zPFx1Zz0Qo1gSViqHgigv6pyBUTpWxNoAYTwOE5pVDIw2_TtZ55yYad26ghHRBSiOnBhT_tkBX9FSdqnNvE=w800-h500-k-no,,,,Full-Service Salon,,5.0,5.0,Active,False,2026-04-01,43.5466394,-116.5708018
@Dog Alley,dog-alley-nampa-id,"Dog Grooming - @ Dog Alley - Nampa, Idaho. For your cherished pet, Dog Grooming in Nampa.  Individual appointments, experienced groomers. We love dogs!",1810 Southside Blvd,Nampa,Idaho,83686,(208) 463-1320,http://www.dogalleygrooming.com/,"https://www.google.com/maps/place/%40Dog+Alley/@43.5510843,-116.53240509999999,14z/data=!4m8!1m2!2m1!1s%40Dog+Alley!3m4!1s0x54ae4ebd26f43417:0x8368226ac11cea95!8m2!3d43.5510843!4d-116.53240509999999",https://lh3.googleusercontent.com/gps-cs-s/AHVAwepzvnGRiz_CGAEAWSZMHMvkJoyCg94fT3uJxbsJOxWqNdU4G1O5gzqriXxV_DJrvvEfxhEVv-yluTLdCMZGhx8FU3EAAenpnFojP2jJid9mGV9rck6U-db8haYbtN55AcD8qwq7=w800-h500-k-no,"Monday: 9AM–5PM, Tuesday: 9AM–5PM, Wednesday: 9AM–5PM, Thursday: 9AM–5PM, Friday: 9AM–5PM, Saturday: 9AM–12PM, Sunday: Closed",,,Full-Service Salon,,4.3,108.0,Active,False,2026-04-01,43.5510843,-116.5324051
Color Me Pink Grooming by Serena,color-me-pink-grooming-by-serena-nampa-id,"{""From the business"": {""Identifies as women-owned"": true}, ""Accessibility"": {""Wheelchair accessible parking lot"": true}, ""Crowd"": {""LGBTQ+ friendly"": true, ""Transgender safespace"": true}, ""Payments"": {""Credit cards"": true}, ""Parking"": {""Free parking lot"": true}, ""Other"": {""LGBTQ+ friendly"": true, ""Identifies as women-owned"": true}}",9805 W Sand Hill Dr #115,Nampa,Idaho,83687,(208) 514-6138,https://www.facebook.com/ColorMePinkGrooming,"https://www.google.com/maps/place/Color+Me+Pink+Grooming+by+Serena/@43.607206999999995,-116.589928,14z/data=!4m8!1m2!2m1!1sColor+Me+Pink+Grooming+by+Serena!3m4!1s0x54ae4b34add49287:0xb2ef146ad352159c!8m2!3d43.607206999999995!4d-116.589928",https://lh3.googleusercontent.com/gps-cs-s/AHVAwer4xMoAo0uAhKH6rmDGEUUnR0UlxgslsEJctEh2ASzj1ONkcG23Lu4la0zlKzPA1RFG7Jp5Ipxldhjplawbv13Wxg0vRtHtUGvBVcFxNQJxO1dtVoJu5ZxMZ0Z3E2N-_BAkY1rBhd3yOQgl=w800-h500-k-no,"Monday: 8AM–5PM, Tuesday: 8AM–5PM, Wednesday: Closed, Thursday: 8AM–5PM, Friday: 8AM–5PM, Saturday: Closed, Sunday: Closed",Creative Grooming,,Full-Service Salon,,4.8,23.0,Active,False,2026-04-01,43.607207,-116.589928
Island Paws Spa & Boutique,island-paws-spa-boutique-middletown-ri,"{""Accessibility"": {""Wheelchair accessible parking lot"": true}, ""Payments"": {""Credit cards"": true, ""Debit cards"": true}, ""Parking"": {""Free parking lot"": true}}",496 E Main Rd,Middletown,Rhode Island,2842,(401) 256-2658,https://www.facebook.com/IslandPawsRI/,"https://www.google.com/maps/place/Island+Paws+Spa+%26+Boutique/@41.5220373,-71.2841005,14z/data=!4m8!1m2!2m1!1sIsland+Paws+Spa+%26+Boutique!3m4!1s0x89e5a9afc7759795:0x875e81baeb09ecce!8m2!3d41.5220373!4d-71.2841005",https://lh3.googleusercontent.com/gps-cs-s/AHVAwerYnWIHetYEQZI8MQ3JmdtMS34UwawrTMo_xfwnKsnbuup9tmuk2fXA4RfiGdoFNCncW_x3R-eGggixgNDSBO44__m6SbEyMhdIaoEtE3-WNFX736mKE0Usef-dOOSTo-4hAkB4dw=w800-h500-k-no,"Monday: 8AM–3PM, Tuesday: 8AM–3PM, Wednesday: 8AM–3PM, Thursday: 8AM–3PM, Friday: 8AM–3PM, Saturday: Closed, Sunday: Closed",,,Full-Service Salon,,5.0,46.0,Active,False,2026-04-01,41.5220373,-71.2841005
Scrub A Pup Inc,scrub-a-pup-inc-warwick-ri,"{""Service options"": {""Onsite services"": true}, ""Accessibility"": {""Wheelchair accessible parking lot"": true}, ""Payments"": {""Credit cards"": true, ""Debit cards"": true}, ""Parking"": {""On-site parking"": true}}",3600 Post Rd,Warwick,Rhode Island,2886,(401) 944-7877,https://www.scrubapupinc.com/,"https://www.google.com/maps/place/Scrub+A+Pup+Inc/@41.6917419,-71.45599109999999,14z/data=!4m8!1m2!2m1!1sScrub+A+Pup+Inc!3m4!1s0x89e448fa1bf3d011:0xd1188d2d5cf47a74!8m2!3d41.6917419!4d-71.45599109999999",https://lh3.googleusercontent.com/gps-cs-s/AHVAweqYUrUhzdti1DtAVRXOQlckfDiA9L0HahnQmUrygpsaExHH8XrzQIThuurdEvDx-g_QHMh41ktnFTnPTuE3DOu4K5_JDrWJBi0B5X3T7J_Xrpdqe0_dsyMCyLGwHElLOC5r68ylFQ=w800-h500-k-no,"Monday: Closed, Tuesday: 9AM–5PM, Wednesday: 9AM–5PM, Thursday: 9AM–5PM, Friday: 9AM–5PM, Saturday: 9AM–5PM, Sunday: Closed",,,Full-Service Salon,,4.4,80.0,Active,False,2026-04-01,41.6917419,-71.45599109999999
All 4 Paws,all-4-paws-johnston-ri,"{""Accessibility"": {""Wheelchair accessible entrance"": true, ""Wheelchair accessible parking lot"": true}, ""Payments"": {""Credit cards"": true, ""Debit cards"": true, ""NFC mobile payments"": true}, ""Parking"": {""On-site parking"": true}}",300 Morgan Ave,Johnston,Rhode Island,2919,(401) 228-3434,http://www.all4pawsri.com/,"https://www.google.com/maps/place/All+4+Paws/@41.8048949,-71.4876335,14z/data=!4m8!1m2!2m1!1sAll+4+Paws!3m4!1s0x89e44619aaaaa059:0xc91adeed27806d1f!8m2!3d41.8048949!4d-71.4876335",https://lh3.googleusercontent.com/gps-cs-s/AHVAweovur6nPCngZVcy8jjjT_d83bwlmirJglf3uGn857-utlVZ8Dv6JWj8lQjj-T2Jh7eHQJoOfnctL1fO_mfVRLuel6FJLyjQAriiZa00I8YmapnynYFuUxhEaJ_eNXX81gPTfsR1aQ=w800-h500-k-no,"Monday: Closed, Tuesday: 8AM–5PM, Wednesday: 8AM–5PM, Thursday: 8AM–1:30PM, Friday: 8AM–5PM, Saturday: 8AM–5PM, Sunday: Closed",,,Full-Service Salon,,4.8,228.0,Active,False,2026-04-01,41.8048949,-71.4876335
All 4 Paws,all-4-paws-exeter-ri,"{""Accessibility"": {""Wheelchair accessible parking lot"": true}}",345 Nooseneck Hill Rd,Exeter,Rhode Island,2822,(401) 262-3077,https://www.all4pawsri.com/,"https://www.google.com/maps/place/All+4+Paws/@41.5786951,-71.654658,14z/data=!4m8!1m2!2m1!1sAll+4+Paws!3m4!1s0x89e5c904a6325671:0x3626ba6042655168!8m2!3d41.5786951!4d-71.654658",https://lh3.googleusercontent.com/gps-cs-s/AHVAwerpy37DvJAtmZ__tv90lZBVs70htko4lesbqblSiRX4LEk3_Y8bb8vegakV3qS5slZebYW-yalzj0l5ivBlCO1XoC2uhEFdbR1RLt3eCug1AYbqaFJGf0Q4lRrmnJof5J0BWfAmsIna1QTj=w800-h500-k-no,"Monday: Closed, Tuesday: 8AM–5PM, Wednesday: 8AM–5PM, Thursday: 8AM–5PM, Friday: 8AM–5PM, Saturday: 8AM–5PM, Sunday: Closed",,,Full-Service Salon,,5.0,18.0,Active,False,2026-04-01,41.5786951,-71.654658
Village Paws,village-paws-greenville-ri,"{""Accessibility"": {""Wheelchair accessible entrance"": true, ""Wheelchair accessible parking lot"": true}}",615 Putnam Pike,Greenville,Rhode Island,2828,(401) 949-5000,http://villagepawsgrooming.com/%3Futm_source%3Dgmb%26utm_medium%3Dreferral,"https://www.google.com/maps/place/Village+Paws/@41.8722017,-71.5534462,14z/data=!4m8!1m2!2m1!1sVillage+Paws!3m4!1s0x89e4476df4226633:0xe49e8e3860ad5b88!8m2!3d41.8722017!4d-71.5534462",https://lh3.googleusercontent.com/gps-cs-s/AHVAweqXurDKCPcEDjEeTVrf_yCHIyhBSVABGoEI06d13hzZjAnSYj7FzjKKKtVYkWVwPgtfR_CTzoGisH0H-NlW31b1dEa1ATJ9s79rOiNh7z5wiGpIAR9-Sx8ZUzklJjYL-0MMCs8=w800-h500-k-no,"Monday: Closed, Tuesday: Closed, Wednesday: 9AM–5PM, Thursday: 9AM–5PM, Friday: 9AM–5PM, Saturday: 8AM–5PM, Sunday: Closed",,,Full-Service Salon,,4.5,138.0,Active,False,2026-04-01,41.8722017,-71.5534462
Houndstooth Mobile Pet Grooming,houndstooth-mobile-pet-grooming-smithfield-ri,"{""From the business"": {""Identifies as women-owned"": true}, ""Accessibility"": {""Wheelchair accessible parking lot"": true}, ""Payments"": {""Credit cards"": true}, ""Other"": {""Identifies as women-owned"": true}}",377 Farnum Pike,Smithfield,Rhode Island,2917,(401) 441-7236,https://qrco.de/bdjpJ5,"https://www.google.com/maps/place/Houndstooth+Mobile+Pet+Grooming/@41.9217738,-71.54907349999999,14z/data=!4m8!1m2!2m1!1sHoundstooth+Mobile+Pet+Grooming!3m4!1s0x89e4417f83357d03:0xa46422c445856725!8m2!3d41.9217738!4d-71.54907349999999",https://lh3.googleusercontent.com/gps-cs-s/AHVAweq4gbvGacPek3HeGjLVUX8VSpk-ogYFbfU02HfZcVgmX1ALKQbwfxpirfZIKoAFOUfJANNL7UF48i7KzuCPZuHrJj21z24pJgQZEWI_S2ZXX00bp5TeVOLNgohpq6i8FnbcNHY=w800-h500-k-no,Daily: 8AM–6PM,Teeth Brushing,Mobile Grooming,Mobile Grooming,,4.4,7.0,Active,False,2026-04-01,41.9217738,-71.54907349999999
Hot Dog Pet Grooming Salon,hot-dog-pet-grooming-salon-north-kingstown-ri,"{""Service options"": {""Onsite services"": true}, ""Accessibility"": {""Wheelchair accessible entrance"": true, ""Wheelchair accessible parking lot"": true}}",6549 Post Rd,North Kingstown,Rhode Island,2852,(401) 398-7100,https://hotdogpetgrooming.top/,"https://www.google.com/maps/place/Hot+Dog+Pet+Grooming+Salon/@41.6195403,-71.4585419,14z/data=!4m8!1m2!2m1!1sHot+Dog+Pet+Grooming+Salon!3m4!1s0x89e5b3741142ac8b:0x6e0eb5a7980ea7f8!8m2!3d41.6195403!4d-71.4585419",https://lh3.googleusercontent.com/gps-cs-s/AHVAweq2cPVu0yx5Qi9aAdunF0jYzHWTw1ta35qjASekZZhxzaYqxQUBARdk03QBdEIajnbt0R6fR4mh_vtuIrXTA8Hv38CJ9q-DhD-MC84tf95dMXpqM6MGyVQxYU86AhUjZPhMSLzHng=w800-h500-k-no,"Monday: 8AM–4:30PM, Tuesday: Closed, Wednesday: 7AM–5:30PM, Thursday: 7AM–5:30PM, Friday: 8AM–4:30PM, Saturday: 8AM–3PM, Sunday: Closed",,,Full-Service Salon,,4.8,45.0,Active,False,2026-04-01,41.6195403,-71.4585419
Wicked Awesome Pet Care & Spa,wicked-awesome-pet-care-spa-bristol-ri,"{""Accessibility"": {""Wheelchair accessible parking lot"": true}}",1282 Hope St,Bristol,Rhode Island,2809,(401) 254-1118,http://wickedawesomepetcare.com/,"https://www.google.com/maps/place/Wicked+Awesome+Pet+Care+%26+Spa/@41.702693499999995,-71.27957909999999,14z/data=!4m8!1m2!2m1!1sWicked+Awesome+Pet+Care+%26+Spa!3m4!1s0x89e445bffa2e1e7f:0xd6f7188f73c24120!8m2!3d41.702693499999995!4d-71.27957909999999",https://lh3.googleusercontent.com/gps-cs-s/AHVAwepPeE024vd6vsIKXal4Hk0av0P2yOIvZLH45rkAz8isbysuENSVD-Mb7M1FzIf0TVl2J4gGctAOOu7L2i7wEJulKyZKMteP4xDoIIjCKqgAIqkBe7P6tT7DB-QdiDs5zLEtro8Q=w800-h500-k-no,"Monday: 9AM–7PM, Tuesday: 6AM–7PM, Wednesday: 6AM–7PM, Thursday: 6AM–7PM, Friday: 6AM–7PM, Saturday: 7AM–6PM, Sunday: Closed",,,Full-Service Salon,,4.9,82.0,Active,False,2026-04-01,41.7026935,-71.27957909999999
"Doggie Do's Grooming Salon, Inc",doggie-do-s-grooming-salon-inc-cranston-ri,"{""From the business"": {""Identifies as LGBTQ+ owned"": true, ""Identifies as women-owned"": true}, ""Accessibility"": {""Wheelchair accessible entrance"": true, ""Wheelchair accessible parking lot"": true}, ""Payments"": {""Credit cards"": true, ""Debit cards"": true, ""NFC mobile payments"": true}, ""Other"": {""Identifies as women-owned"": true, ""Identifies as LGBTQ+ owned"": true}}",2190 Broad St,Cranston,Rhode Island,2905,(401) 941-3544,https://doggiedossalon.top/,"https://www.google.com/maps/place/Doggie+Do%27s+Grooming+Salon%2C+Inc/@41.7653703,-71.3904421,14z/data=!4m8!1m2!2m1!1sDoggie+Do%27s+Grooming+Salon%2C+Inc!3m4!1s0x89e44f4e4db32665:0x1be135e63d2c52bc!8m2!3d41.7653703!4d-71.3904421",https://lh3.googleusercontent.com/gps-cs-s/AHVAweo_GAP3t2sJHM3j1d764zq51aE7mk-Y1wRsLCOM_KwZn8cgoF3O5GOoI13pWSw4UorVGcWhXeof79ycrKiSoH3hDqQClgCDJzcSowN1yfqfRFJVAHnbeX9PzLkCgpe7A6SUvVZTKQ=w800-h500-k-no,"Monday: Closed, Tuesday: 7:30AM–5PM, Wednesday: 7:30AM–5PM, Thursday: 7:30AM–5PM, Friday: 7:30AM–5PM, Saturday: 7:30AM–5PM, Sunday: Closed",,,Full-Service Salon,,4.4,45.0,Active,False,2026-04-01,41.7653703,-71.3904421
"Claudia's Furry Tailz Pet SPA, LLC",claudia-s-furry-tailz-pet-spa-llc-warren-ri,"{""From the business"": {""Identifies as women-owned"": true}, ""Service options"": {""Language assistance"": ""American Sign Language, English, Portuguese, Spanish""}, ""Accessibility"": {""Wheelchair accessible parking lot"": true}, ""Crowd"": {""LGBTQ+ friendly"": true, ""Transgender safespace"": true}, ""Payments"": {""Credit cards"": true, ""Debit cards"": true, ""NFC mobile payments"": true}, ""Parking"": {""On-site parking"": true}, ""Other"": {""LGBTQ+ friendly"": true, ""Identifies as women-owned"": true}}",173 Market St,Warren,Rhode Island,2885,(401) 573-5578,http://my-business-105502-104810.square.site/,"https://www.google.com/maps/place/Claudia%27s+Furry+Tailz+Pet+SPA%2C+LLC/@41.730730099999995,-71.2758046,14z/data=!4m8!1m2!2m1!1sClaudia%27s+Furry+Tailz+Pet+SPA%2C+LLC!3m4!1s0x89e4574683fe5441:0xc7a1562731a8d851!8m2!3d41.730730099999995!4d-71.2758046",https://lh3.googleusercontent.com/gps-cs-s/AHVAwep1evehcCOQHWwx5vMLFz8I5QZWWYQLOJI3cfI1XAIS0NmQ8c2-wUw01j-ySz2z3EsX0DP6Khi7rbCFSNVbceaFJLrPLlrMc34KlJQdfVIxtcrvngjcN3t-z6AKXIIO3ETomuXsTA=w800-h500-k-no,"Monday: 9:30AM–5PM, Tuesday: 9:30AM–5PM, Wednesday: Closed, Thursday: 8AM–5PM, Friday: 8AM–5PM, Saturday: 8AM–3PM, Sunday: Closed",,,Pet Spa,,5.0,54.0,Active,False,2026-04-01,41.7307301,-71.2758046
Marcie's Pet Grooming,marcie-s-pet-grooming-forestdale-ri,"{""Accessibility"": {""Wheelchair accessible entrance"": true, ""Wheelchair accessible parking lot"": true}}",152 School St,Forestdale,Rhode Island,2824,(401) 762-5633,https://www.facebook.com/marciespet/,"https://www.google.com/maps/place/Marcie%27s+Pet+Grooming/@41.997647799999996,-71.5617628,14z/data=!4m8!1m2!2m1!1sMarcie%27s+Pet+Grooming!3m4!1s0x89e46ab7e774044d:0x48ab253ba17b0594!8m2!3d41.997647799999996!4d-71.5617628",https://lh3.googleusercontent.com/gps-cs-s/AHVAwep96eyC6SDxVFktmu4R8LgFab-c7JApiJYF7_x7wuB9KBg8Ud0ANgY6-MSHjOiX0wIQjS4jdAtBR4yuCH9jW5vCMTEMrTwN6VDSjTMy28_zAtEcduLX5wjiDATOOI-ZOHWlDMsW=w800-h500-k-no,"Monday: Closed, Tuesday: 6AM–3PM, Wednesday: 6AM–3PM, Thursday: 6AM–3PM, Friday: 6AM–3PM, Saturday: 6AM–2PM, Sunday: Closed",,,Full-Service Salon,,4.8,52.0,Active,False,2026-04-01,41.9976478,-71.5617628
The Barking Lot,the-barking-lot-providence-ri,"The Barking Lot RI provides pet care services such as a daycare for dogs, dog training, dog grooming, and boaring for dogs.",697 Allens Ave,Providence,Rhode Island,2905,(401) 781-2275,http://www.thebarkinglotri.com/,"https://www.google.com/maps/place/The+Barking+Lot/@41.794481499999996,-71.3979942,14z/data=!4m8!1m2!2m1!1sThe+Barking+Lot!3m4!1s0x89e44ff6c2824833:0xa70d648061868bef!8m2!3d41.794481499999996!4d-71.3979942",https://lh3.googleusercontent.com/gps-cs-s/AHVAwerKItM1xQAx8tTN6vMYk4dx9QZcU8CnYl2t1cLwYh-pR3J61bLJcfG4Cx9AKZMo-D2m0_aVzyVfUv5PWlSKbdn4IMk3g4JDFZDirDXdeOPe1cUIwYrQg06ay4YJs-ePMg8BHiw=w800-h500-k-no,"Monday: 6:30AM–7PM, Tuesday: 6:30AM–7PM, Wednesday: 6:30AM–7PM, Thursday: 6:30AM–7PM, Friday: 6:30AM–7PM, Saturday: 9AM–5PM, Sunday: Closed",,,Full-Service Salon,,4.8,371.0,Active,False,2026-04-01,41.7944815,-71.3979942
All Paws on Deck Pet Salon,all-paws-on-deck-pet-salon-east-providence-ri,"{""Accessibility"": {""Wheelchair accessible entrance"": true, ""Wheelchair accessible parking lot"": true}, ""Payments"": {""NFC mobile payments"": true}}",2399 Pawtucket Ave,East Providence,Rhode Island,2914,(401) 434-1300,https://m.facebook.com/allpawsondecksalon/,"https://www.google.com/maps/place/All+Paws+on+Deck+Pet+Salon/@41.810199399999995,-71.359509,14z/data=!4m8!1m2!2m1!1sAll+Paws+on+Deck+Pet+Salon!3m4!1s0x89e45abfe54e148d:0xd60ecb988249d3d7!8m2!3d41.810199399999995!4d-71.359509",https://lh3.googleusercontent.com/gps-cs-s/AHVAweqITvky7sfD7VUj8St1WAhUVdY8FKguN7QxdfcIsNXciBV9ARI6LYcgSqZWdq750c4LUgDsJdciellpW9dCRb85wqU7I9h5BtE63uFLjvtTgFtPJ59ggQH486FZEwDwOjtnaFzLOA=w800-h500-k-no,"Monday: Closed, Tuesday: Closed, Wednesday: 9AM–5PM, Thursday: 9AM–5PM, Friday: 9AM–5PM, Saturday: 9AM–5PM, Sunday: Closed",,,Full-Service Salon,,4.6,115.0,Active,False,2026-04-01,41.81019939999999,-71.359509
All 4 Paws,all-4-paws-coventry-ri,"{""Accessibility"": {""Wheelchair accessible parking lot"": true}, ""Payments"": {""Credit cards"": true}}",600 Tiogue Ave,Coventry,Rhode Island,2816,(401) 414-9217,https://www.all4pawsri.com/coventry,"https://www.google.com/maps/place/All+4+Paws/@41.683833199999995,-71.5545216,14z/data=!4m8!1m2!2m1!1sAll+4+Paws!3m4!1s0x89e44bbc3a9c8857:0x59f68990e70599bc!8m2!3d41.683833199999995!4d-71.5545216",https://lh3.googleusercontent.com/gps-cs-s/AHVAwervEPodG6fHDFwW6b7M_lF4rCx6_Jh7T4h-OBKw2aOSLWxqm4e135Nxh8-B9pbE3QVYwDUiZ1pfbbQU5LD_OqmkEVi9rJMRYqZNA8v47vrI6EnLCKbUZJkzIDXB-NvRNkomn3XS1NbRWoN7=w800-h500-k-no,"Monday: 8AM–5PM, Tuesday: 8AM–5PM, Wednesday: 8AM–5PM, Thursday: Closed, Friday: 8AM–5PM, Saturday: 8AM–5PM, Sunday: Closed",,,Full-Service Salon,,5.0,7.0,Active,False,2026-04-01,41.6838332,-71.5545216
Cozy Quarters Pet Inn,cozy-quarters-pet-inn-lincoln-ri,"{""Accessibility"": {""Wheelchair accessible entrance"": true, ""Wheelchair accessible parking lot"": true}}",89 Old Sayles Hill Rd,Lincoln,Rhode Island,2865,(401) 767-3300,http://www.cozyquarterspetinn.com/,"https://www.google.com/maps/place/Cozy+Quarters+Pet+Inn/@41.9539373,-71.4910079,14z/data=!4m8!1m2!2m1!1sCozy+Quarters+Pet+Inn!3m4!1s0x89e441f22e914ca3:0x39204b98fe71a26f!8m2!3d41.9539373!4d-71.4910079",https://lh3.googleusercontent.com/gps-cs-s/AHVAwer902HBSgtuQPyHjUOQ0gJn0qozShLVTI90I6heKz8X4818AzZym3gh5d_1ovxvFGKgdu0JG9cwCSVianlwVYHndt3tZrfS4Ix2waQo1EwMJ2GNTgpX7QiAQtU2iadcwRdMkcP9Mw=w800-h500-k-no,"Monday: 8–10AM & 4–6PM, Tuesday: 8–10AM & 4–6PM, Wednesday: 8–10AM & 4–6PM, Thursday: 8–10AM & 4–6PM, Friday: 8–10AM & 4–6PM, Saturday: 8–10AM & 4–6PM, Sunday: Closed",,,Full-Service Salon,,4.7,71.0,Active,False,2026-04-01,41.9539373,-71.4910079
Luvann Pet Grooming,luvann-pet-grooming-coventry-ri,"{""Service options"": {""Onsite services"": true}, ""Accessibility"": {""Wheelchair accessible parking lot"": true}}",2260 Flat River Rd,Coventry,Rhode Island,2816,(401) 204-8630,https://dogw.net/explore/luvann-pet-grooming/,"https://www.google.com/maps/place/Luvann+Pet+Grooming/@41.7044808,-71.6162064,14z/data=!4m8!1m2!2m1!1sLuvann+Pet+Grooming!3m4!1s0x89e435b9100f75c3:0x163b2f88020d593b!8m2!3d41.7044808!4d-71.6162064",https://lh3.googleusercontent.com/gps-cs-s/AHVAweo1UchBzL_hcl607tdqNciaO_CEG69dWvaU7g9ErlkUY1X7TYuOJIsyYj5swxPnoWXE0c560cDt3vkSYbmBepTm-qh5VsBn1h7d4te2bwK_d26YkLKfIjCEBQYdAPhW0T0q5DSbbA=w800-h500-k-no,"Monday: Closed, Tuesday: 9:30AM–7PM, Wednesday: 9:30AM–7PM, Thursday: 9:30AM–7PM, Friday: 9:30AM–7PM, Saturday: 9:30AM–7PM, Sunday: Closed",,,Full-Service Salon,,5.0,83.0,Active,False,2026-04-01,41.7044808,-71.6162064
Pet-iCoat Junction Grooming,pet-icoat-junction-grooming-west-greenwich-ri,"{""Accessibility"": {""Wheelchair accessible parking lot"": true}}",45 Nooseneck Hill Rd,West Greenwich,Rhode Island,2817,(401) 397-1500,https://bizb.net/explore/pet-icoat-junction-grooming/,"https://www.google.com/maps/place/Pet-iCoat+Junction+Grooming/@41.6566918,-71.6054109,14z/data=!4m8!1m2!2m1!1sPet-iCoat+Junction+Grooming!3m4!1s0x89e5cac218e3dafd:0x78c2fb6ff467ef40!8m2!3d41.6566918!4d-71.6054109",https://lh3.googleusercontent.com/gps-cs-s/AHVAwerZWCQDEXXN7Z8r3Hp02dWgKr06pHNNveCqLYGftCbnsKDa4uZTVOshD43Il9IWlcZ9HpVsOjqWSuuvnfSKiYDGZXDkLKc6W2B1OzZ5o9whAWOV9h_67-uqivPjU0h26Glg3Woy7g=w800-h500-k-no,"Monday: 9AM–6PM, Tuesday: Closed, Wednesday: 9AM–7PM, Thursday: 9AM–12AM, Friday: 12–7AM & 9AM–6PM, Saturday: 9AM–6PM, Sunday: Closed",,,Full-Service Salon,,4.3,25.0,Active,False,2026-04-01,41.6566918,-71.6054109
Misfit Paws Pet Spa,misfit-paws-pet-spa-killingly-ct,"{""Accessibility"": {""Wheelchair accessible parking lot"": true}, ""Payments"": {""Credit cards"": true, ""Debit cards"": true}}",250 Green Hollow Rd,Killingly,Connecticut,6239,(959) 345-3084,https://booking.moego.pet/ol/landing%3Fname%3DMisfitPawsPetSpaLLC,"https://www.google.com/maps/place/Misfit+Paws+Pet+Spa/@41.7838488,-71.8792718,14z/data=!4m8!1m2!2m1!1sMisfit+Paws+Pet+Spa!3m4!1s0x89e42b3a0ded5cb3:0x245d0cc9231ed029!8m2!3d41.7838488!4d-71.8792718",https://lh3.googleusercontent.com/gps-cs-s/AHVAwerow651BfarAIXQNaEtog5yXw3bjGj_Q070nnPtUBTa9ZbcrE8Rglgve_s0Eki3hX9njPoNVSwBiLBeXp6i0LGhgumFBs8PjBfJD70yLZADR6d1Cq1LcTZifkHE1bdGTxd5604=w800-h500-k-no,"Monday: Closed, Tuesday: Closed, Wednesday: 10AM–6PM, Thursday: 10AM–6PM, Friday: 10AM–6PM, Saturday: 9AM–8PM, Sunday: Closed",,,Pet Spa,,5.0,32.0,Active,False,2026-04-01,41.7838488,-71.8792718
Passion Fur Pets Grooming,passion-fur-pets-grooming-west-warwick-ri,"{""Service options"": {""Onsite services"": true}, ""Payments"": {""Credit cards"": true, ""Debit cards"": true}}",205 Washington St,West Warwick,Rhode Island,2893,(401) 678-2005,https://m.facebook.com/PassionFurPetsRI/%3Fref%3Dbookmarks,"https://www.google.com/maps/place/Passion+Fur+Pets+Grooming/@41.701430599999995,-71.52772709999999,14z/data=!4m8!1m2!2m1!1sPassion+Fur+Pets+Grooming!3m4!1s0x89e44b6f8f4b9fff:0xb1c52054eafea257!8m2!3d41.701430599999995!4d-71.52772709999999",https://lh3.googleusercontent.com/gps-cs-s/AHVAweowNu-DoWOZSgj2py2-QyUWvopwaEZmEFdcnKlqynL5kLT0LVpA8XOqPOJrcdxY4iEUtNDk5Aptgh255VR-MKFYcX5NlOeLmDtoEeyw05P_3K7yW5D8OWxmpmoVKKuwiqshcnY=w800-h500-k-no,Daily: Open 24 hours,,,Full-Service Salon,,4.9,163.0,Active,False,2026-04-01,41.70143059999999,-71.52772709999999
2 Paws Up,2-paws-up-cranston-ri,"{""Accessibility"": {""Wheelchair accessible entrance"": true, ""Wheelchair accessible parking lot"": true}, ""Payments"": {""Debit cards"": true, ""NFC mobile payments"": true, ""Credit cards"": true}}",1375 Park Ave Ste 1,Cranston,Rhode Island,2920,(401) 941-7297,https://business.facebook.com/Xemacietali/,"https://www.google.com/maps/place/2+Paws+Up/@41.784245999999996,-71.45958809999999,14z/data=!4m8!1m2!2m1!1s2+Paws+Up!3m4!1s0x89e44f3bb76a981f:0xf2043b95e0b14eed!8m2!3d41.784245999999996!4d-71.45958809999999",https://lh3.googleusercontent.com/gps-cs-s/AHVAwepY2yf8MjDzP0f3z_o7_9Pje1UBXTqZgkPaGBNEeekB8sJVd6y6z4sUh8js5E-CSGi6N-rh8oOMueC4w4L5rP53Qp7jBjbPgOoY2XvjWs3Paa3V7mTbCl_k6rJOUK09zejmW1wK=w800-h500-k-no,"Monday: 7AM–6PM, Tuesday: 7AM–6PM, Wednesday: 7AM–6PM, Thursday: 7AM–6PM, Friday: 7AM–6PM, Saturday: 7AM–2PM, Sunday: Closed",,,Full-Service Salon,,4.9,129.0,Active,False,2026-04-01,41.784246,-71.45958809999999
Santa's Doggie Workshop,santa-s-doggie-workshop-johnston-ri,"{""Service options"": {""Onsite services"": true}, ""Accessibility"": {""Wheelchair accessible parking lot"": true}}","rear of building, 1665 Hartford Ave Suite #18",Johnston,Rhode Island,2919,(401) 272-9200,https://www.santasdoggieworkshop.com/,"https://www.google.com/maps/place/Santa%27s+Doggie+Workshop/@41.826741999999996,-71.5090281,14z/data=!4m8!1m2!2m1!1sSanta%27s+Doggie+Workshop!3m4!1s0x89e44789bba79cbd:0xdb336e0afa02d7b0!8m2!3d41.826741999999996!4d-71.5090281",https://lh3.googleusercontent.com/gps-cs-s/AHVAweoSPKGNH5QgtYR0BGrFw9PHeODxGZe6L-PtUpbDIYho544EiLQ69-xJnzh7qxLHAI3fteZTKPvZSU1LFulDofeAiLfOFICnanCX9-HZQAWkGZbIcZtLjgdjsOHZR21aJefwmNxvBzLjkl94=w800-h500-k-no,"Monday: 8AM–4PM, Tuesday: 8AM–4PM, Wednesday: 8AM–4PM, Thursday: 8AM–4PM, Friday: 8AM–4PM, Saturday: 8AM–4PM, Sunday: Closed",,,Full-Service Salon,,5.0,82.0,Active,False,2026-04-01,41.826742,-71.5090281
Atlantic Pet Spa,atlantic-pet-spa-brooklyn-ny,"{""Planning"": {""Accepts walk-ins"": true}, ""Payments"": {""Credit cards"": true, ""Debit cards"": true}}",499 Atlantic Ave,Brooklyn,New York,11217,(929) 281-3168,https://booking.moego.pet/ol/landing%3Fname%3DAtlanticPetSpaInc,"https://www.google.com/maps/place/Atlantic+Pet+Spa/@40.6857581,-73.981216,14z/data=!4m8!1m2!2m1!1sAtlantic+Pet+Spa!3m4!1s0x89c25bcaee592d0b:0x788fcdf09320d778!8m2!3d40.6857581!4d-73.981216",https://lh3.googleusercontent.com/gps-cs-s/AHVAwepJ5c9I_r-gMrpTIhK1Zk_N4rE530TQ-39aexJzqp6xp8BYHJXP9htO6K4jgIiQDPcMKbbCwE5l8ZW15sAi24m_9K2sRGpzsaknC507tdQYzEJtqkEjEI07potba34lrNGMFoQSuamjP9c=w800-h500-k-no,"Monday: 9AM–6PM, Tuesday: 9AM–6PM, Wednesday: 9AM–6PM, Thursday: 9AM–6PM, Friday: 9AM–6PM, Saturday: 9AM–4:30PM, Sunday: Closed",,,Pet Spa,,4.8,21.0,Active,False,2026-04-01,40.6857581,-73.981216
From Head To Tail Grooming,from-head-to-tail-grooming-warwick-ri,"{""From the business"": {""Identifies as women-owned"": true}, ""Service options"": {""Onsite services"": true}, ""Accessibility"": {""Wheelchair accessible entrance"": true, ""Wheelchair accessible parking lot"": true}, ""Crowd"": {""LGBTQ+ friendly"": true, ""Transgender safespace"": true}, ""Payments"": {""Credit cards"": true, ""Debit cards"": true}, ""Parking"": {""Free parking lot"": true, ""Free street parking"": true, ""On-site parking"": true}, ""Other"": {""LGBTQ+ friendly"": true, ""Identifies as women-owned"": true}}",1932 Warwick Ave,Warwick,Rhode Island,2889,(401) 262-0211,http://www.headtotailri.com/,"https://www.google.com/maps/place/From+Head+To+Tail+Grooming/@41.7238456,-71.40442449999999,14z/data=!4m8!1m2!2m1!1sFrom+Head+To+Tail+Grooming!3m4!1s0x89e44e0ae8ddb7e1:0x48f040f6e5c886a6!8m2!3d41.7238456!4d-71.40442449999999",https://lh3.googleusercontent.com/gps-cs-s/AHVAweoK7gnJNBoMPr3zoJpJahXE7mF2qbcwGHEHZQh8XlhNeR_1aX8IsP4x7SVW9HWqZV6TMtq1biE8Tuuh98Y154j2LM-Xzyaem8trY5VUGq-jbuQgsSyeLgHXCv7KiHW-kAo-ux-g=w800-h500-k-no,"Monday: Closed, Tuesday: 9AM–4PM, Wednesday: 9AM–4PM, Thursday: 9AM–4PM, Friday: 9AM–4PM, Saturday: Closed, Sunday: Closed",,,Full-Service Salon,,4.8,55.0,Active,False,2026-04-01,41.7238456,-71.40442449999999
Bubbly Bow Wow RI,bubbly-bow-wow-ri-warwick-ri,"{""Accessibility"": {""Wheelchair accessible entrance"": true, ""Wheelchair accessible parking lot"": true}, ""Payments"": {""Credit cards"": true, ""Debit cards"": true}, ""Parking"": {""On-site parking"": true}}",190 Buttonwoods Ave,Warwick,Rhode Island,2886,(401) 337-9505,https://bubblybowwowri.com/,"https://www.google.com/maps/place/Bubbly+Bow+Wow+RI/@41.7018354,-71.4298668,14z/data=!4m8!1m2!2m1!1sBubbly+Bow+Wow+RI!3m4!1s0x89e44ddea1cd9c85:0x3249ba197c4a175b!8m2!3d41.7018354!4d-71.4298668",https://lh3.googleusercontent.com/gps-cs-s/AHVAweqA5D9U1F9qb_5NOuI9MffzqFlM-xwAmhGZjJhmWCpukLFoov5Tv7HCku6ecrhsWbhOygQXNmTIqv3s4fTEV9LfD_Da_VrtBWUYgmOlJ5UF6HFRApM41TG6G-oSnHc-kZDtTRV9=w800-h500-k-no,,,,Full-Service Salon,,4.6,42.0,Active,False,2026-04-01,41.7018354,-71.4298668
A Room to Groom,a-room-to-groom-warwick-ri,"Home - A Room to Groom is located in Warwick, Rhode Island. We offer a variety of services, including: nail trim, grooming, bathing.",16 Freeborne St,Warwick,Rhode Island,2889,(401) 737-7377,https://aroomtogroom.myonlineappointment.com/,"https://www.google.com/maps/place/A+Room+to+Groom/@41.7060941,-71.4157154,14z/data=!4m8!1m2!2m1!1sA+Room+to+Groom!3m4!1s0x89e45274488b81b9:0x156d224fc385e4ea!8m2!3d41.7060941!4d-71.4157154",https://lh3.googleusercontent.com/gps-cs-s/AHVAwer-yb_FA8xIiLBvuq9rd2rYHKw6eO_cCOikSnffq3RYiGkcZnntw_1IRsYyP8zPhcU8ZlyR6AdixJ5_f1uQsao_ct7jJarMeM7PsJdehwWGlllj9sUKpm7WP-itUQjwWRZKl1KX=w800-h500-k-no,,"Bath & Brush, Nail Trimming",,Full-Service Salon,,4.9,142.0,Active,False,2026-04-01,41.7060941,-71.4157154
Petco Grooming,petco-grooming-warwick-ri,"{""Service options"": {""Onsite services"": true}, ""Accessibility"": {""Wheelchair accessible entrance"": true, ""Wheelchair accessible parking lot"": true}, ""Crowd"": {""LGBTQ+ friendly"": true, ""Transgender safespace"": true}, ""Planning"": {""Accepts walk-ins"": true}, ""Payments"": {""Credit cards"": true, ""Debit cards"": true, ""NFC mobile payments"": true}, ""Other"": {""LGBTQ+ friendly"": true}}",300 Quaker Ln Ste 3,Warwick,Rhode Island,2886,(401) 821-0103,https://stores.petco.com/ri/warwick/full-service-grooming-warwick-ri-3717.html,"https://www.google.com/maps/place/Petco+Grooming/@41.6880714,-71.4979474,14z/data=!4m8!1m2!2m1!1sPetco+Grooming!3m4!1s0x89e44b6d7cee2749:0x53d71c589a3b016e!8m2!3d41.6880714!4d-71.4979474",https://lh3.googleusercontent.com/gps-cs-s/AHVAweoukN_YcswJqX_w0o4e_QFbXA-X5I1u_46iQYYbhsNRcRmElyyb4tPM5xZqfxQIwcpOwOuJYeb5-MVoVF5TWsBzdWyfryFO2ZsTkertXZjoWjlGfX2I0jxvSX68iFuKUiJYpWnE=w800-h500-k-no,Daily: 8AM–6PM,,,Pet Store with Grooming,,4.6,104.0,Active,False,2026-04-01,41.6880714,-71.4979474
Becca’s Pooch Parlor,beccas-pooch-parlor-west-warwick-ri,"{""Accessibility"": {""Wheelchair accessible parking lot"": true}, ""Payments"": {""Credit cards"": true, ""Debit cards"": true}}",53 Providence St Unit 3,West Warwick,Rhode Island,2893,(401) 808-0602,https://booking.moego.pet/ol/landing%3Fname%3DGroomedByBecca,"https://www.google.com/maps/place/Becca%E2%80%99s+Pooch+Parlor/@41.710311999999995,-71.520284,14z/data=!4m8!1m2!2m1!1sBecca%E2%80%99s+Pooch+Parlor!3m4!1s0x89e44f180adb7923:0x7ebef9cee149c976!8m2!3d41.710311999999995!4d-71.520284",https://lh3.googleusercontent.com/gps-cs-s/AHVAweqCDYdNW2DyzdTGu0vvh6Zg-diPAm0wf_89dxr5VXAXbWeFH9KYvhYom7RdKQD7MMMGGfA-ylHXSg7iEVMs0qnMpEm3IjxjAusfv1wUeIiycwzJXeRBWPtoOPh84eMKx7fCY3l--OjfmRc=w800-h500-k-no,"Monday: 10AM–5PM, Tuesday: 10AM–5PM, Wednesday: 10AM–5PM, Thursday: 10AM–5PM, Friday: 10AM–5PM, Saturday: 10AM–5PM, Sunday: Closed",,,Full-Service Salon,,5.0,8.0,Active,False,2026-04-01,41.71031199999999,-71.520284
Alpine Pet Spa,alpine-pet-spa-cranston-ri,"Now Taking New Clients! Pet Groomer conveniently located at 2244 Plainfield Pike Cranston, RI 02921. Book with us online now or call ahead.",2244 Plainfield Pike,Cranston,Rhode Island,2921,(401) 328-4743,https://alpinepetspa.com/,"https://www.google.com/maps/place/Alpine+Pet+Spa/@41.7884153,-71.5184699,14z/data=!4m8!1m2!2m1!1sAlpine+Pet+Spa!3m4!1s0x89e44962b2c4362b:0x8fb65b59669194a9!8m2!3d41.7884153!4d-71.5184699",https://lh3.googleusercontent.com/gps-cs-s/AHVAwer-nzwwO9JeW68bcxUHK2TWRlGL_3rKismUZeMOipDs2fwW_r_BKm7CHWH2BrIU4ZMBsi36OE6EJgLpWLSUyy0VcxiSrWonPqZluOSqvFwE1z7pVE7PzvjSEsheo9oyVN1oNwsM=w800-h500-k-no,"Monday: Closed, Tuesday: 8:30AM–5:30PM, Wednesday: 8:30AM–5:30PM, Thursday: 8:30AM–5:30PM, Friday: 8:30AM–5:30PM, Saturday: 8:30AM–5:30PM, Sunday: Closed",,,Pet Spa,,4.9,15.0,Active,False,2026-04-01,41.7884153,-71.5184699
Creature Comforts Grooming,creature-comforts-grooming-south-kingstown-ri,"{""From the business"": {""Identifies as disabled-owned"": true, ""Identifies as LGBTQ+ owned"": true}, ""Accessibility"": {""Wheelchair accessible parking lot"": true}, ""Payments"": {""Credit cards"": true, ""Debit cards"": true, ""NFC mobile payments"": true}, ""Other"": {""Identifies as LGBTQ+ owned"": true, ""Identifies as disabled-owned"": true}}",98 Parkwood Dr,South Kingstown,Rhode Island,2881,(401) 271-1239,https://www.creatures-comforts.com/,"https://www.google.com/maps/place/Creature+Comforts+Grooming/@41.475006799999996,-71.5279109,14z/data=!4m8!1m2!2m1!1sCreature+Comforts+Grooming!3m4!1s0x89e5b93b6de98bdd:0x54bc4219456d2b6e!8m2!3d41.475006799999996!4d-71.5279109",https://lh3.googleusercontent.com/gps-cs-s/AHVAwepSliKhYf67TTFUzHxq-w6R5bE5fC1I_aEas0RORb4oKiZIw1sp80RdqQX_PgYbNOZ3uoJGqcyGrAw0T0ggXgo0Xj3zooSwRxtkjEDsMNyFdkdPqpf9IDrzNUMCjNcCIWI4mi7Uva2JpAQn=w800-h500-k-no,"Monday: 10AM–3PM, Tuesday: 9AM–5PM, Wednesday: Closed, Thursday: 10AM–5PM, Friday: 9AM–3PM, Saturday: 9AM–5PM, Sunday: 10AM–5PM",,,Full-Service Salon,,5.0,19.0,Active,False,2026-04-01,41.4750068,-71.5279109
Pro Grooming,pro-grooming-coventry-ri,"{""Service options"": {""Onsite services"": true}, ""Accessibility"": {""Wheelchair accessible entrance"": true, ""Wheelchair accessible parking lot"": true}}",861 B Tiogue Ave,Coventry,Rhode Island,2816,(401) 822-4080,https://localdogservices.net/explore/pro-grooming/,"https://www.google.com/maps/place/Pro+Grooming/@41.6811073,-71.5679086,14z/data=!4m8!1m2!2m1!1sPro+Grooming!3m4!1s0x89e43557c959fc91:0xeaa21625c8b91df9!8m2!3d41.6811073!4d-71.5679086",https://lh3.googleusercontent.com/gps-cs-s/AHVAwepjB-h1bexOCc_H4iZQSgAX3U0q60yC8ni-sU54AJxfhUYelbIa6tqbnkdi8FZ-y8pMfSO0XQjh6eJBV0OGjxlxYODwGCz6y2GR_S9ht0W4tP8tweAKaKklyOD8u-_Ox0Tg_Yk=w800-h500-k-no,"Monday: 8AM–6PM, Tuesday: Closed, Wednesday: 8AM–6PM, Thursday: 8AM–6PM, Friday: 8AM–6PM, Saturday: 9AM–5PM, Sunday: Closed",,,Full-Service Salon,,4.1,47.0,Active,False,2026-04-01,41.6811073,-71.5679086
PetSmart Grooming,petsmart-grooming-warwick-ri,"{""Service options"": {""Onsite services"": true}, ""Accessibility"": {""Wheelchair accessible entrance"": true, ""Wheelchair accessible parking lot"": true}, ""Payments"": {""Credit cards"": true, ""Debit cards"": true, ""NFC mobile payments"": true}}",1275 Bald Hill Rd,Warwick,Rhode Island,2886,(401) 828-0500,https://stores.petsmart.com/ri/warwick/warwick/grooming%3Futm_source%3Dgoogle%26utm_medium%3Dorganic%26utm_campaign%3Dgoogle-my-business,"https://www.google.com/maps/place/PetSmart+Grooming/@41.7056602,-71.4912159,14z/data=!4m8!1m2!2m1!1sPetSmart+Grooming!3m4!1s0x89e44b8bb8bc851b:0x53e8fa54acdbd605!8m2!3d41.7056602!4d-71.4912159",https://lh3.googleusercontent.com/gps-cs-s/AHVAwer0oDsr_I145av2aldshkmrOrCshGYp9cqcms7xLaC2e25JU5qA4x7dzy-kxCSZSNyzWb8JrI5pFMkA2UcVHIJbrLosWjag53DU0yhIgDvVVfJzzgD1gSR0hoanlZFm1zMWsZsARGPM92c=w800-h500-k-no,"Monday: 7AM–9PM, Tuesday: 7AM–9PM, Wednesday: 7AM–7PM, Thursday: 7AM–9PM, Friday: 7AM–9PM, Saturday: 7AM–9PM, Sunday: 10AM–6PM",Ear Cleaning,,Pet Store with Grooming,,4.3,6.0,Active,False,2026-04-01,41.7056602,-71.4912159
Samy's Pets Mobile Grooming,samy-s-pets-mobile-grooming-providence-ri,"We have a home with all the grooming we do, you can make a book online, see our photos, about we are the best in mobile grooming",193 Early St,Providence,Rhode Island,2907,(401) 688-2123,http://www.samyspetsmobilegrooming.com/,"https://www.google.com/maps/place/Samy%27s+Pets+Mobile+Grooming/@41.794575099999996,-71.4140958,14z/data=!4m8!1m2!2m1!1sSamy%27s+Pets+Mobile+Grooming!3m4!1s0x89e44fd00c472261:0x191e9269e979036a!8m2!3d41.794575099999996!4d-71.4140958",https://lh3.googleusercontent.com/gps-cs-s/AHVAwepOuaJfxF4dpd4zqxjGkdJt1Znl6go96Qqeii7Hcabb5JbzlGHLxnV5JR3atbwdGwF1m5su7EQIv4sNLRtaxvFiuItEkPXZRNfqRf8bY7l8QLDE9GQLLdojGtMAG3At049ZH2g=w800-h500-k-no,"Monday: 8:30AM–5PM, Tuesday: 8:30AM–5PM, Wednesday: 8:30AM–5PM, Thursday: 8:30AM–5PM, Friday: 8:30AM–5PM, Saturday: 8:30AM–5PM, Sunday: Closed",,Mobile Grooming,Mobile Grooming,,4.9,507.0,Active,False,2026-04-01,41.7945751,-71.4140958
A Decked Out Pet,a-decked-out-pet-north-providence-ri,"{""From the business"": {""Identifies as women-owned"": true}, ""Service options"": {""Onsite services"": true, ""Language assistance"": ""Portuguese""}, ""Accessibility"": {""Wheelchair accessible parking lot"": true}, ""Crowd"": {""LGBTQ+ friendly"": true, ""Transgender safespace"": true}, ""Payments"": {""Credit cards"": true, ""Debit cards"": true}, ""Other"": {""LGBTQ+ friendly"": true, ""Identifies as women-owned"": true}}",1342 Douglas Ave,North Providence,Rhode Island,2904,(401) 573-5858,https://booking.moego.pet/ol/ADeckedOutPetInc/book,"https://www.google.com/maps/place/A+Decked+Out+Pet/@41.8616205,-71.4510427,14z/data=!4m8!1m2!2m1!1sA+Decked+Out+Pet!3m4!1s0x89e44509453b3e6f:0xe350c7fb263c1e9e!8m2!3d41.8616205!4d-71.4510427",https://lh3.googleusercontent.com/gps-cs-s/AHVAwerL5VdK1iLsRLTGkTSdZrnZNvlPFP3HMTpVNigqjbvH9MJQwl2hR_CCB4yWf4PFQ8catk4EhNRfykR3Vt4oh5lnqI3_L-mfajaY3Z5qkW1hntDT_5qcPJ95yRe9NqB577rfnXbDEQ=w800-h500-k-no,"Monday: Closed, Tuesday: 8AM–6PM, Wednesday: 8AM–6PM, Thursday: 9AM–3PM, Friday: 8AM–6PM, Saturday: 8:30AM–6PM, Sunday: Closed",,,Full-Service Salon,,4.6,78.0,Active,False,2026-04-01,41.8616205,-71.4510427
Doggie Depot Pet Grooming for Dogs,doggie-depot-pet-grooming-for-dogs-wyoming-ri,"{""From the business"": {""Identifies as women-owned"": true}, ""Accessibility"": {""Wheelchair accessible entrance"": true, ""Wheelchair accessible parking lot"": true}, ""Payments"": {""Credit cards"": true, ""Debit cards"": true}, ""Parking"": {""Free parking lot"": true}, ""Other"": {""Identifies as women-owned"": true}}",12 Stilson Rd,Wyoming,Rhode Island,2898,(401) 539-0010,http://doggiedepotpetgrooming.com/,"https://www.google.com/maps/place/Doggie+Depot+Pet+Grooming+for+Dogs/@41.513371,-71.688694,14z/data=!4m8!1m2!2m1!1sDoggie+Depot+Pet+Grooming+for+Dogs!3m4!1s0x89e5c5c22f4873e5:0x446fcb21f5773517!8m2!3d41.513371!4d-71.688694",https://lh3.googleusercontent.com/gps-cs-s/AHVAweoENhdWKJTJyHMoR0sbW8I9jVvTFLo9X1HfgwQ7L6c5QjaMdmj53uc5UEuxRvPuObG1V1BKMjYQ8KivMFcSB-qzVou3BRsh1vpQ3EeQrh3qwj-vTlYU70WJ2-A0kDY2ClFWJ___Ag=w800-h500-k-no,"Monday: Closed, Tuesday: 8AM–3PM, Wednesday: 8AM–3PM, Thursday: 8AM–3PM, Friday: 8AM–3PM, Saturday: 8AM–3PM, Sunday: Closed",,,Full-Service Salon,,4.5,41.0,Active,False,2026-04-01,41.513371,-71.688694
Calypso’s Pet Salon,calypsos-pet-salon-bristol-ri,"{""From the business"": {""Identifies as women-owned"": true}, ""Accessibility"": {""Wheelchair accessible entrance"": true, ""Wheelchair accessible parking lot"": true}, ""Payments"": {""Credit cards"": true, ""Debit cards"": true, ""NFC mobile payments"": true}, ""Other"": {""Identifies as women-owned"": true}}","Enterance at back of plaza, 576 Metacom Ave Unit 11A",Bristol,Rhode Island,2809,(401) 662-0477,https://calypsos-pet-salon-shop.square.site/,"https://www.google.com/maps/place/Calypso%E2%80%99s+Pet+Salon/@41.6936037,-71.26225339999999,14z/data=!4m8!1m2!2m1!1sCalypso%E2%80%99s+Pet+Salon!3m4!1s0x89e456d9cf6254b3:0x803a7f9095fb2d71!8m2!3d41.6936037!4d-71.26225339999999",https://lh3.googleusercontent.com/gps-cs-s/AHVAwerF1tqk7APihQqSys4tWJehqBqNV_Zmxe1lg5s7Y2rw7ASljxH_TQdq6PRGZeiwIF_LbDxRFzUpZMLbNI8qAgB-YhuBtVkVHbwdsVzRu0OeTWSZaU18ZJ_Th0-2zaH05-XwlQQiJQ=w800-h500-k-no,"Monday: 8AM–4PM, Tuesday: Closed, Wednesday: Closed, Thursday: 8AM–4PM, Friday: 8AM–4PM, Saturday: 8AM–4PM, Sunday: Closed",,,Pet Store with Grooming,,4.7,48.0,Active,False,2026-04-01,41.6936037,-71.26225339999999
Four Paws Grooming,four-paws-grooming-north-providence-ri,"{""Accessibility"": {""Wheelchair accessible entrance"": true, ""Wheelchair accessible parking lot"": true}}",1270 Mineral Spring Ave #7,North Providence,Rhode Island,2904,(401) 726-2554,https://fourpawsgrooming.top/,"https://www.google.com/maps/place/Four+Paws+Grooming/@41.867953799999995,-71.43513469999999,14z/data=!4m8!1m2!2m1!1sFour+Paws+Grooming!3m4!1s0x89e44463ed2ba1fd:0xbdffdb670efaafe!8m2!3d41.867953799999995!4d-71.43513469999999",https://lh3.googleusercontent.com/gps-cs-s/AHVAwerd23J6HY44ZczeFyJjUeFRj1wxfZ-RyKN4rPjStYvkQdszi7sagT8D9ZrwAw4trTzcagaswLqrWr34fZLfLdVsjMx_7hgjUz1RAjWgxNNeHim509-Y8ggXOTr1_4hqo6pmVFt1=w800-h500-k-no,"Monday: Closed, Tuesday: 8:30AM–3PM, Wednesday: 8:30AM–3PM, Thursday: Closed, Friday: 8:30AM–3PM, Saturday: 8:30AM–3PM, Sunday: Closed",,,Full-Service Salon,,4.6,55.0,Active,False,2026-04-01,41.8679538,-71.43513469999999
Monique's Grooming,monique-s-grooming-tiverton-ri,"{""Accessibility"": {""Wheelchair accessible parking lot"": true}, ""Payments"": {""Credit cards"": true, ""Debit cards"": true, ""NFC mobile payments"": true}, ""Parking"": {""Free parking lot"": true}}",1204 Fish Rd #3,Tiverton,Rhode Island,2878,(774) 888-8637,https://mollyspetgrooming.top/,"https://www.google.com/maps/place/Monique%27s+Grooming/@41.638608,-71.187044,14z/data=!4m8!1m2!2m1!1sMonique%27s+Grooming!3m4!1s0x89e4ff860d3cb5ad:0xa1cd23f045e94aff!8m2!3d41.638608!4d-71.187044",https://lh3.googleusercontent.com/gps-cs-s/AHVAwep_knwZvhQnh1oGRXQyjog7XUcUQ9Zqm966o9KDlQroG3DrqTNk6AcP-sQhGw_3y74y6uWTvD-fKZDYeKdgwU7nHlfbQzdso2bWi43aXg5feWFta-yBdtU-RuCOCMwJpND1NygJx_uXkJDK=w800-h500-k-no,"Monday: 8AM–4PM, Tuesday: Closed, Wednesday: 8AM–4AM, Thursday: 8AM–4PM, Friday: 8AM–4:30PM, Saturday: 8AM–4PM, Sunday: 8AM–4AM",,,Full-Service Salon,,4.6,35.0,Active,False,2026-04-01,41.638608,-71.187044
Paws on Main,paws-on-main-portsmouth-ri,"{""Service options"": {""Onsite services"": true}, ""Accessibility"": {""Wheelchair accessible parking lot"": true}, ""Parking"": {""Free parking lot"": true, ""On-site parking"": true}}",1044 E Main Rd,Portsmouth,Rhode Island,2871,(401) 626-6658,http://pawsonmainri.com/,"https://www.google.com/maps/place/Paws+on+Main/@41.5625972,-71.2544655,14z/data=!4m8!1m2!2m1!1sPaws+on+Main!3m4!1s0x89e5ab03b05e41ad:0xafa43d9a9f91a366!8m2!3d41.5625972!4d-71.2544655",https://lh3.googleusercontent.com/gps-cs-s/AHVAwepTjngkEMDVswOfFUtmKyh2dGF72iwybbi9SwHlhgu0ZhXjPfqMyN959tPCV57CaQbbj9hP0ExI_qOYwjTSVmVENvVJctw1UreduTBEpH90vceHkHk-5bzI7jhD8eNWB07m6ljkKgBUObWN=w800-h500-k-no,"Monday: 7AM–6PM, Tuesday: 7AM–6PM, Wednesday: 7AM–6PM, Thursday: 7AM–6PM, Friday: 7AM–6PM, Saturday: Closed, Sunday: Closed",,,Full-Service Salon,,5.0,49.0,Active,False,2026-04-01,41.5625972,-71.2544655
Boutique Pet Spa & Inn,boutique-pet-spa-inn-westport-ma,"{""Service options"": {""Onsite services"": true}, ""Accessibility"": {""Wheelchair accessible parking lot"": true}}",295 Old County Rd,Westport,Massachusetts,2790,(508) 636-8219,http://boutiquepetspaandinnma.com/,"https://www.google.com/maps/place/Boutique+Pet+Spa+%26+Inn/@41.6221892,-71.0730074,14z/data=!4m8!1m2!2m1!1sBoutique+Pet+Spa+%26+Inn!3m4!1s0x89e4fdc9edf6e897:0x74beb81a267d0188!8m2!3d41.6221892!4d-71.0730074",https://lh3.googleusercontent.com/gps-cs-s/AHVAweqUKLMRGi3rG0EVr4FaB7kIw2bpjHlFxlFxZt_l8A5Zb46p4vK61w-6r0VMgnZ3G_Zv83CbZGYze0GffNx8qei_n5Pyz4QbGRy3aia_ldGhVvNK1Czqi2Zb3f6aoHn7pZxnAvMRfZ-uqqM=w800-h500-k-no,"Monday: 6AM–5PM, Tuesday: 6AM–5PM, Wednesday: 6AM–5PM, Thursday: 6AM–5PM, Friday: 6AM–5PM, Saturday: 6AM–5PM, Sunday: 8AM–9PM",,,Pet Spa,,4.4,23.0,Active,False,2026-04-01,41.6221892,-71.0730074
Ruff Waters Dog Wash,ruff-waters-dog-wash-middletown-ri,"Self serve dog wash and grooming. All supplies included: shampoo, conditioner, grooming tools, towels, electric dryers, private gated wash stall, cookies, photo booth. pet grooming",1341 W Main Rd,Middletown,Rhode Island,2842,(508) 789-8432,https://ruffwatersdogwash.com/,"https://www.google.com/maps/place/Ruff+Waters+Dog+Wash/@41.5356824,-71.2918267,14z/data=!4m8!1m2!2m1!1sRuff+Waters+Dog+Wash!3m4!1s0x89e5af8b9b622a51:0xad1441e14af96855!8m2!3d41.5356824!4d-71.2918267",https://lh3.googleusercontent.com/gps-cs-s/AHVAweqkKrVpVfHewTJdgz3NO1tABvdwYIhWdcpKfpaWBE9WYM5LRSfBmaGJoPO8avNmKJTSAhQLqJ6W4ivA3YYSHe6_R7VC7kgsuP2j01Xqdodmj1h6X9r_BaYT-8s2DIinVoWGWs-fdQ=w800-h500-k-no,"Monday: Closed, Tuesday: Closed, Wednesday: 10AM–4PM, Thursday: 3–7PM, Friday: 10AM–5PM, Saturday: 10AM–3PM, Sunday: 10AM–3PM",Bath & Brush,,Full-Service Salon,,5.0,58.0,Active,False,2026-04-01,41.5356824,-71.2918267
Barker Shop Grooming,barker-shop-grooming-portsmouth-ri,"{""Service options"": {""Onsite services"": true}, ""Accessibility"": {""Wheelchair accessible parking lot"": true}, ""Payments"": {""Debit cards"": true, ""NFC mobile payments"": true, ""Credit cards"": true}}",1985 E Main Rd,Portsmouth,Rhode Island,2871,(401) 213-9050,http://www.barkershopri.com/,"https://www.google.com/maps/place/Barker+Shop+Grooming/@41.5850763,-71.2516443,14z/data=!4m8!1m2!2m1!1sBarker+Shop+Grooming!3m4!1s0x89e5ab35b7a998dd:0x50a1e1b44ea5b2cd!8m2!3d41.5850763!4d-71.2516443",https://lh3.googleusercontent.com/gps-cs-s/AHVAweoVqPzM7-PqFma4kmnSTIDBn2yfg2bqHGyfzFrAf3nKpPDr2RcXX6ExXQCqwznsAjOly15jhHQRLMDlX8o1-sgAGQ90UoJk47_mwdntLfjqXllLPIeIoB5VGyODcWv-1kXPZq0iPdbVnIo=w800-h500-k-no,"Monday: Closed, Tuesday: 9AM–6PM, Wednesday: 9AM–6PM, Thursday: 9AM–6PM, Friday: 9AM–4PM, Saturday: 9AM–4PM, Sunday: Closed",,"Doodle Specialist, Poodle Specialist",Full-Service Salon,,4.9,15.0,Active,False,2026-04-01,41.5850763,-71.2516443
The Wiggle Room,the-wiggle-room-middletown-ri,"{""Accessibility"": {""Wheelchair accessible entrance"": true, ""Wheelchair accessible parking lot"": true}}",741 W Main Rd,Middletown,Rhode Island,2842,(401) 849-0044,http://www.thewiggleroomri.com/,"https://www.google.com/maps/place/The+Wiggle+Room/@41.5228258,-71.2981693,14z/data=!4m8!1m2!2m1!1sThe+Wiggle+Room!3m4!1s0x89e5aecf9724e569:0x53c86cb7e47224f2!8m2!3d41.5228258!4d-71.2981693",https://lh3.googleusercontent.com/gps-cs-s/AHVAweoMthSIQbX49vSa5gvBCdLrfAJeq239AscnuV9NwDB-WTcOqNB2ZyrZQQ9WLFA0CgximHszcnnOfgIAcNPEaHofqcnOPTzBJH7ScwHZTACwPvfWct6inmL3Um0P26XxqYWbMPqY=w800-h500-k-no,"Monday: 7AM–6PM, Tuesday: 7AM–6PM, Wednesday: 7AM–6PM, Thursday: 7AM–6PM, Friday: 7AM–6PM, Saturday: Closed, Sunday: Closed",,,Full-Service Salon,,5.0,43.0,Active,False,2026-04-01,41.5228258,-71.2981693
Petco Grooming,petco-grooming-middletown-ri,"{""Service options"": {""Onsite services"": true}, ""Accessibility"": {""Wheelchair accessible entrance"": true, ""Wheelchair accessible parking lot"": true}, ""Crowd"": {""LGBTQ+ friendly"": true, ""Transgender safespace"": true}, ""Planning"": {""Accepts walk-ins"": true}, ""Payments"": {""Credit cards"": true, ""Debit cards"": true, ""NFC mobile payments"": true}, ""Other"": {""LGBTQ+ friendly"": true}}",1309 W Main Rd,Middletown,Rhode Island,2842,(401) 846-8105,https://stores.petco.com/ri/middletown/full-service-grooming-middletown-ri-1830.html,"https://www.google.com/maps/place/Petco+Grooming/@41.5344984,-71.29090049999999,14z/data=!4m8!1m2!2m1!1sPetco+Grooming!3m4!1s0x89e5aeb38762cb57:0x8f2430be309dcad6!8m2!3d41.5344984!4d-71.29090049999999",https://lh3.googleusercontent.com/gps-cs-s/AHVAwer3jRDFG7SzdnHDzuEKfvsmgwo2WL-blG8ASwOnfMP75VMJp-zVdXyHGf0RsWKo6FvMctDAZPXsZ3AR9ptLd8eeJmtCU6BEnyHXGvCajbkMmT2lUpxQXn_t9mbO5CnwyvQ8DDSh82iAxy4=w800-h500-k-no,"Monday: 8AM–6PM, Tuesday: 8AM–6PM, Wednesday: 8AM–6PM, Thursday: 8AM–6PM, Friday: 8AM–6PM, Saturday: 8AM–6PM, Sunday: 9AM–6PM",,,Pet Store with Grooming,,4.9,96.0,Active,False,2026-04-01,41.5344984,-71.29090049999999
Good Graces Grooming,good-graces-grooming-jamestown-ri,"{""Accessibility"": {""Wheelchair accessible parking lot"": true}}",3 Clarke St,Jamestown,Rhode Island,2835,(401) 423-5840,http://www.goodgracesgrooming.com/,"https://www.google.com/maps/place/Good+Graces+Grooming/@41.495042399999996,-71.37499729999999,14z/data=!4m8!1m2!2m1!1sGood+Graces+Grooming!3m4!1s0x89e5af128a58293d:0xa909c9d7af609bda!8m2!3d41.495042399999996!4d-71.37499729999999",https://lh3.googleusercontent.com/gps-cs-s/AHVAweoc1ou5lICKWmUzayGnCL7litXGkbM7ZUGE8ki41NtcDRvSxuL8fe7x6pCr1A2dsoOzmnsF-w8LU2UvvCEYzuMuVnJHeg2kIgdAn2Ot3St7B1t4AQxHx2Cweq7QSdWtAVblCQjh=w800-h500-k-no,"Monday: Closed, Tuesday: 9AM–4PM, Wednesday: 9AM–4PM, Thursday: 9AM–4PM, Friday: 9AM–4PM, Saturday: Closed, Sunday: Closed",,,Full-Service Salon,,5.0,3.0,Active,False,2026-04-01,41.4950424,-71.37499729999999
Wag Nation,wag-nation-newport-ri,"{""From the business"": {""Identifies as women-owned"": true, ""Small business"": true}, ""Service options"": {""Curbside pickup"": true, ""Delivery"": true, ""In-store pickup"": true, ""Onsite services"": true}, ""Accessibility"": {""Wheelchair accessible entrance"": true, ""Wheelchair accessible parking lot"": true}, ""Crowd"": {""LGBTQ+ friendly"": true}, ""Planning"": {""Quick visit"": true}, ""Payments"": {""Credit cards"": true, ""Debit cards"": true, ""NFC mobile payments"": true}, ""Other"": {""LGBTQ+ friendly"": true, ""Identifies as women-owned"": true}}",181 Bellevue Ave,Newport,Rhode Island,2840,(401) 619-3719,https://wag-nation.com/,"https://www.google.com/maps/place/Wag+Nation/@41.4825704,-71.3098116,14z/data=!4m8!1m2!2m1!1sWag+Nation!3m4!1s0x89e5af5d40fe9af9:0x2ad8b39abdfee3b9!8m2!3d41.4825704!4d-71.3098116",https://lh3.googleusercontent.com/gps-cs-s/AHVAwepRIvMlMgT-uKNCrj0g_y9kNyrtpEdf3lV_99BigcAkINYJFjPQrWbUb17KwOSJykOWbmkMFCpd3Ck8PEE1dhyDePcQPX48-n3xni7yX8TqFmHE7vtTjzUHpMUW9a-kRxH0gGfH=w800-h500-k-no,"Monday: 9AM–6PM, Tuesday: 9AM–6PM, Wednesday: 9AM–6PM, Thursday: 9AM–6PM, Friday: 9AM–6PM, Saturday: 9AM–6PM, Sunday: Closed",,,Pet Store with Grooming,,4.6,128.0,Active,False,2026-04-01,41.4825704,-71.3098116
Gagnon's Pet Grooming,gagnon-s-pet-grooming-fall-river-ma,"{""Accessibility"": {""Wheelchair accessible entrance"": true}, ""Payments"": {""Credit cards"": true, ""Debit cards"": true, ""NFC mobile payments"": true}}",2046 S Main St,Fall River,Massachusetts,2724,(508) 674-2349,https://gagnonspetgrooming.top/,"https://www.google.com/maps/place/Gagnon%27s+Pet+Grooming/@41.6802275,-71.1778274,14z/data=!4m8!1m2!2m1!1sGagnon%27s+Pet+Grooming!3m4!1s0x89e4ff4dc97421df:0x9c50feaf40fff7f4!8m2!3d41.6802275!4d-71.1778274",https://lh3.googleusercontent.com/gps-cs-s/AHVAwerMC9mRec_xnrnWMghb7I1Pp4QDIkZMhbW792uTFaoOy_JNYHYX-4jlO7vYh8lxLlNKNxqvsAR6QaF9OsZR1YiW09-FPD2CfOTlJBFiH4vZ2_Bxm-rlmzVzs5RV9uC_LDjb6Sg=w800-h500-k-no,"Monday: 6AM–2PM, Tuesday: 6AM–2PM, Wednesday: 6AM–2PM, Thursday: 6AM–2PM, Friday: 6AM–2PM, Saturday: 6–11:30AM, Sunday: Closed",,,Pet Store with Grooming,,4.7,261.0,Active,False,2026-04-01,41.6802275,-71.1778274
Westport Dog,westport-dog-westport-ma,"{""Service options"": {""Onsite services"": true}, ""Accessibility"": {""Wheelchair accessible entrance"": true, ""Wheelchair accessible parking lot"": true}}",855 Main Rd,Westport,Massachusetts,2790,(508) 636-8143,https://westport-dog.com/,"https://www.google.com/maps/place/Westport+Dog/@41.5773347,-71.0908209,14z/data=!4m8!1m2!2m1!1sWestport+Dog!3m4!1s0x89e5037202d12edf:0xb610e5b1bb49cacb!8m2!3d41.5773347!4d-71.0908209",https://lh3.googleusercontent.com/gps-cs-s/AHVAwerKPR2BaTdM0Q1srKDZcDOdEOUtbHQc3RMMJh47aB1B7TzgZoNPz2w-BVO3TXAaGvkI_hRRDDgznfOx-ogQT58HUsMHXF92bk2N8htBU4AWA9P0IZSO17KODVSJGcCcTj513Z7Q=w800-h500-k-no,"Monday: 8:30AM–5PM, Tuesday: Closed, Wednesday: 8:30AM–5PM, Thursday: 8:30AM–5PM, Friday: Closed, Saturday: 8:30AM–5PM, Sunday: Closed",,,Pet Store with Grooming,,4.6,46.0,Active,False,2026-04-01,41.5773347,-71.0908209
Paradise Paws,paradise-paws-east-providence-ri,"{""Service options"": {""Onsite services"": true}, ""Accessibility"": {""Wheelchair accessible entrance"": true, ""Wheelchair accessible parking lot"": true}, ""Parking"": {""Free parking lot"": true, ""Paid parking lot"": true}}",127 Valley St,East Providence,Rhode Island,2914,(401) 434-2920,https://paradisepawspets.wixsite.com/info,"https://www.google.com/maps/place/Paradise+Paws/@41.8215715,-71.3812262,14z/data=!4m8!1m2!2m1!1sParadise+Paws!3m4!1s0x89e45b5d68f2cd37:0x7cbd1f20dfc560c5!8m2!3d41.8215715!4d-71.3812262",https://lh3.googleusercontent.com/gps-cs-s/AHVAweri7Zvv89CLMwu41_CbbuXuUPL8EYbsAuDRQMJaSvlAG7CZQwAXxKCWPAU1pbN-Rff0PeL2ICOh5p9yaZ70UjmGSTW9NMD0bvSwgtHhBIGHDJRDNNHy2Lr4uo0pCJ09dfB_QW1V=w800-h500-k-no,"Monday: 6AM–7PM, Tuesday: 6AM–7PM, Wednesday: 6AM–7PM, Thursday: 6AM–7PM, Friday: 6AM–7PM, Saturday: 7AM–5PM, Sunday: 7AM–5PM",,,Full-Service Salon,,4.6,175.0,Active,False,2026-04-01,41.8215715,-71.3812262
Dogtopia of Warwick,dogtopia-of-warwick-warwick-ri,We provide a supervised open play environment for your dog where they can socialize and a state of the art facility where they can play all day. Sign up now!,30 Jefferson Blvd,Warwick,Rhode Island,2888,(401) 903-4900,https://www.dogtopia.com/warwick/,"https://www.google.com/maps/place/Dogtopia+of+Warwick/@41.7535192,-71.4351157,14z/data=!4m8!1m2!2m1!1sDogtopia+of+Warwick!3m4!1s0x89e44f9b90fa4a2d:0x349bfd7279e7b98f!8m2!3d41.7535192!4d-71.4351157",https://lh3.googleusercontent.com/gps-cs-s/AHVAweqduV94APslMc7MmQf3PzHZP0EZM7geCXmpms_jcJt__zEaCyyTYutp7j-BFKYo2voFkG5n8YxFYbx6XbNfx5pgyb8oyDESANQZeG0GcGMjrcilzlqTpnmYN8PONl-VBYdwFcsAa8f2dA4Y=w800-h500-k-no,"Monday: 6:30AM–7PM, Tuesday: 6:30AM–7PM, Wednesday: 6:30AM–7PM, Thursday: 6:30AM–7PM, Friday: 6:30AM–7PM, Saturday: 8AM–5PM, Sunday: Closed",,,Pet Store with Grooming,,4.8,275.0,Active,False,2026-04-01,41.7535192,-71.4351157
Kate's Pets Spa,kate-s-pets-spa-north-dighton-ma,"{""From the business"": {""Identifies as women-owned"": true}, ""Service options"": {""Language assistance"": ""English""}, ""Accessibility"": {""Wheelchair accessible parking lot"": true}, ""Payments"": {""Credit cards"": true}, ""Other"": {""Identifies as women-owned"": true}}",Spring St,North Dighton,Massachusetts,2764,(508) 594-0435,http://katespetsspa.com/,"https://www.google.com/maps/place/Kate%27s+Pets+Spa/@41.8662334,-71.1299045,14z/data=!4m8!1m2!2m1!1sKate%27s+Pets+Spa!3m4!1s0x89e4f5ee7b3a3d39:0x156f060683b48b24!8m2!3d41.8662334!4d-71.1299045",https://lh3.googleusercontent.com/gps-cs-s/AHVAwepzo79RY5zW7LIg_jIG3kLEfci3t1wTyLIHxxzJX3n-BfpLX_TSj0E1uTWYXfQHKYSwHkcg_DR8ELRP3HlYHMdJKhpfd2KQy71o74wI4aNpCS-XiHTzLCH6UdtL0g8yGr_AUdYg=w800-h500-k-no,"Monday: 8AM–2PM, Tuesday: 8AM–2PM, Wednesday: 8AM–2PM, Thursday: 8AM–2PM, Friday: 8AM–2PM, Saturday: 8AM–2PM, Sunday: Closed",,,Full-Service Salon,,5.0,4.0,Active,False,2026-04-01,41.8662334,-71.1299045
Paisley's Posh Paws,paisley-s-posh-paws-bellingham-ma,"Paisley’s Posh Paws is a luxury dog care facility in Bellingham, MA specializing in personalized boarding, holistic grooming, and serenity care. Founded on experience, compassion, and behavior‑aware handling, we proudly care for dogs of all temperaments, including anxious and sensitive dogs. Our calm, low‑stress environment, one‑on‑one attention, enrichment routines, and optional aromatherapy services ensure every dog feels safe, understood, and genuinely cared for.",116 Mechanic St,Bellingham,Massachusetts,2019,(508) 762-5568,http://www.paisleysposhpaws.com/,"https://www.google.com/maps/place/Paisley%27s+Posh+Paws/@42.0827794,-71.4665352,14z/data=!4m8!1m2!2m1!1sPaisley%27s+Posh+Paws!3m4!1s0x89e46f6c731ee27b:0x76dc7001c7bda494!8m2!3d42.0827794!4d-71.4665352",https://lh3.googleusercontent.com/gps-cs-s/AHVAwerMjO0ExBTwp44iXjmewbTnHeu4UvYirmnyh8nEtd9J8ZxefM4PlDAtsiTtLhsKYyPGOxgajPhKBsJ90MoXs4VfjOpEnTWBw9H3_37G_RkH__gDQqNBZVjVh4Uozc_t76F68oCTJungt4Q=w800-h500-k-no,"Monday: 9AM–5PM, Tuesday: 9AM–5PM, Wednesday: 9AM–5PM, Thursday: 9AM–5PM, Friday: 9AM–5PM, Saturday: 9AM–5PM, Sunday: Closed",,Anxious Dogs,Full-Service Salon,,5.0,25.0,Active,False,2026-04-01,42.0827794,-71.4665352
Perfect Paws Pet Grooming,perfect-paws-pet-grooming-wakefield-ri,"Perfect Paws Pet Groomer in Wakefield, RI is a full service animal grooming shop. We cut nails and groom cats and rabbits also. We have small and large dog specialists. Call 401-580-3439",518 High St,Wakefield,Rhode Island,2879,(401) 580-3439,http://www.doggroomerwakefield.com/,"https://www.google.com/maps/place/Perfect+Paws+Pet+Grooming/@41.4507306,-71.5008675,14z/data=!4m8!1m2!2m1!1sPerfect+Paws+Pet+Grooming!3m4!1s0x89e5b95b04abae29:0x38e8843c14eb4e79!8m2!3d41.4507306!4d-71.5008675",https://lh3.googleusercontent.com/gps-cs-s/AHVAwerxVkGMr0MJUofWai3lt84GtmIqwNCK3SRkgkEdyNG_4MfxB8EPhEU1SYFgBV0P43DkB_wwuTBcqS9apOj0RL_AJ-5um7PgIAPqbXCJu-ibaJxe80Py72vQ68PxjIONV1tu6di9ludoe3dG=w800-h500-k-no,"Monday: 9:30AM–5:30PM, Tuesday: 9:30AM–5:30PM, Wednesday: 9:30AM–5:30PM, Thursday: 9:30AM–5:30PM, Friday: 9:30AM–5:30PM, Saturday: Closed, Sunday: Closed",,,Full-Service Salon,,4.6,70.0,Active,False,2026-04-01,41.4507306,-71.5008675
Pet Supplies Plus Narragansett Grooming,pet-supplies-plus-narragansett-grooming-narragansett-ri,"{""Accessibility"": {""Wheelchair accessible parking lot"": true}}",91 Point Judith Rd Suite 2,Narragansett,Rhode Island,2882,(401) 783-0174,https://www.petsuppliesplus.com/dog-grooming,"https://www.google.com/maps/place/Pet+Supplies+Plus+Narragansett+Grooming/@41.42962,-71.48541,14z/data=!4m8!1m2!2m1!1sPet+Supplies+Plus+Narragansett+Grooming!3m4!1s0x89e5b95793df9383:0x1df7de0e9ee01f79!8m2!3d41.42962!4d-71.48541",https://streetviewpixels-pa.googleapis.com/v1/thumbnail?panoid=-8euqgjdBkutQEJB2pHP_w&cb_client=search.gws-prod.gps&w=800&h=500&yaw=273.2249&pitch=0&thumbfov=100,"Monday: 9AM–9PM, Tuesday: 9AM–9PM, Wednesday: 9AM–9PM, Thursday: 9AM–9PM, Friday: 9AM–9PM, Saturday: 9AM–9PM, Sunday: 10AM–6PM",,,Pet Store with Grooming,,5.0,1.0,Active,False,2026-04-01,41.42962,-71.48541
Pets door to door,pets-door-to-door-central-falls-ri,"We love to take care your Pets when you are not available. We offer exceptional care for your pet. While you are away, either for work or vacation.

----------------------

Nos enc",991 Lonsdale Ave,Central Falls,Rhode Island,2863,(401) 663-9313,https://www.petsdoortodoor.com/,"https://www.google.com/maps/place/Pets+door+to+door/@41.8912961,-71.40237499999999,14z/data=!4m8!1m2!2m1!1sPets+door+to+door!3m4!1s0x89e44350770b25b7:0xcdfaa21b2157b894!8m2!3d41.8912961!4d-71.40237499999999",https://streetviewpixels-pa.googleapis.com/v1/thumbnail?panoid=HCk7PAGGrPfCNcFnLGq2fA&cb_client=search.gws-prod.gps&w=800&h=500&yaw=67.69322&pitch=0&thumbfov=100,"Monday: 7AM–3:30PM, Tuesday: 7AM–3:30PM, Wednesday: 7AM–3:30PM, Thursday: 7AM–3:30PM, Friday: 7AM–3PM, Saturday: 7AM–3PM, Sunday: Closed",,,Full-Service Salon,,5.0,2.0,Active,False,2026-04-01,41.8912961,-71.40237499999999
The Dog House,the-dog-house-east-providence-ri,"{""Accessibility"": {""Wheelchair accessible entrance"": true, ""Wheelchair accessible parking lot"": true}, ""Payments"": {""Debit cards"": true, ""Credit cards"": true}}",386 Warren Ave,East Providence,Rhode Island,2914,(401) 383-7348,http://www.doghouseri.com/,"https://www.google.com/maps/place/The+Dog+House/@41.813418299999995,-71.3679856,14z/data=!4m8!1m2!2m1!1sThe+Dog+House!3m4!1s0x89e45ac798a5bb25:0xa14971311a6b8e6a!8m2!3d41.813418299999995!4d-71.3679856",https://lh3.googleusercontent.com/gps-cs-s/AHVAwerHhzUvPx9EdZIj0bduOS4lPFzvjH3oUdGP3CCyz0QpYkzCWKXrL9IkTvgalfEcVSM-17i6kg8CaLr7akdTIt26hX08SUe99NLIpS3O4XHbd7BpM-P01oiyjEfKu5Bb3jQ5TslZZDGmhmrY=w800-h500-k-no,,,,Full-Service Salon,,4.8,58.0,Active,False,2026-04-01,41.8134183,-71.3679856
"Dapper Dog,LLC",dapper-dog-llc-east-providence-ri,"{""From the business"": {""Identifies as women-owned"": true}, ""Accessibility"": {""Wheelchair accessible entrance"": true, ""Wheelchair accessible parking lot"": true}, ""Payments"": {""Debit cards"": true, ""Credit cards"": true}, ""Other"": {""Identifies as women-owned"": true}}",513 Waterman Ave,East Providence,Rhode Island,2914,(401) 419-5258,http://dapperdogllc.myonlineappointment.com/,"https://www.google.com/maps/place/Dapper+Dog%2CLLC/@41.816812999999996,-71.358756,14z/data=!4m8!1m2!2m1!1sDapper+Dog%2CLLC!3m4!1s0x89e45ac2756dd70d:0xa4ca723658ed3f0d!8m2!3d41.816812999999996!4d-71.358756",https://lh3.googleusercontent.com/gps-cs-s/AHVAwequIZPUS2r2Dtm7OI0TiVwhyhBdl-q52UJFyKvSjtBBM3CkptxWNApfLCoUZDGnS_I_Ad36-SYqNrHdn9NEK5tWznLuAmI7diYI30FdEPCp1cIIXMYVs0h0C8iZNJniday8pZ58=w800-h500-k-no,"Monday: Closed, Tuesday: 9AM–5PM, Wednesday: 9AM–5PM, Thursday: 9AM–5PM, Friday: 9AM–5PM, Saturday: Closed, Sunday: Closed",,,Full-Service Salon,,4.7,64.0,Active,False,2026-04-01,41.816813,-71.358756
Heaven Scent Grooming,heaven-scent-grooming-east-providence-ri,"{""Service options"": {""Onsite services"": true}, ""Accessibility"": {""Wheelchair accessible parking lot"": true}}",413 Waterman Ave,East Providence,Rhode Island,2914,(774) 888-8159,https://heavenpetgrooming.top/,"https://www.google.com/maps/place/Heaven+Scent+Grooming/@41.818203,-71.36293959999999,14z/data=!4m8!1m2!2m1!1sHeaven+Scent+Grooming!3m4!1s0x89e45ac3a3d78831:0x539cc2ef164c3bad!8m2!3d41.818203!4d-71.36293959999999",https://lh3.googleusercontent.com/gps-cs-s/AHVAwep22nffIZZ17LssynK233yyKJepFIsQipbwJYNqZhc0TOVT2LmXqwmfiqm01xhb0lxjFvIoiaZArbpz-_6QLOKhIxMux0EbAKU3ldyoG4vRy89o5wBSjiTJdG0pZPUt_KzsZ5TkKw=w800-h500-k-no,"Monday: 6AM–1PM, Tuesday: 6AM–1PM, Wednesday: 6AM–1PM, Thursday: 6AM–1PM, Friday: 6AM–1PM, Saturday: Closed, Sunday: Closed",,,Full-Service Salon,,4.6,63.0,Active,False,2026-04-01,41.818203,-71.36293959999999
Petco Grooming,petco-grooming-providence-ri,"{""Service options"": {""Onsite services"": true}, ""Accessibility"": {""Wheelchair accessible entrance"": true, ""Wheelchair accessible parking lot"": true}, ""Crowd"": {""LGBTQ+ friendly"": true, ""Transgender safespace"": true}, ""Planning"": {""Accepts walk-ins"": true}, ""Payments"": {""Credit cards"": true, ""Debit cards"": true, ""NFC mobile payments"": true}, ""Other"": {""LGBTQ+ friendly"": true}}",585 N Main St,Providence,Rhode Island,2904,(401) 454-4956,https://stores.petco.com/ri/providence/full-service-grooming-providence-ri-1825.html,"https://www.google.com/maps/place/Petco+Grooming/@41.837822599999996,-71.40851119999999,14z/data=!4m8!1m2!2m1!1sPetco+Grooming!3m4!1s0x89e445ac2dd8728f:0x9749e893858589a9!8m2!3d41.837822599999996!4d-71.40851119999999",https://lh3.googleusercontent.com/gps-cs-s/AHVAweoxYXtP-tNIkYGVm1qhJu4qD9QDDlTDmZoCPyQzi5xbC3d0SRU8b4xfOuR59i1XTcLoP8TV-0mGmY52UXRzl4mtKUnRp3nEO0xs6eRyLLRuCR8U4tg0j_EQtuhQ0PAcAIwjUClq=w800-h500-k-no,"Monday: 8AM–6PM, Tuesday: 8AM–6PM, Wednesday: 8AM–6PM, Thursday: 8AM–6PM, Friday: 8AM–6PM, Saturday: 8AM–6PM, Sunday: 9AM–6PM",,,Pet Store with Grooming,,4.2,558.0,Active,False,2026-04-01,41.8378226,-71.40851119999999
Fancy Paws Pet Salon,fancy-paws-pet-salon-providence-ri,"{""Payments"": {""Debit cards"": true, ""Credit cards"": true}}",94 Academy Ave,Providence,Rhode Island,2909,(401) 274-2792,https://www.facebook.com/FancyPawsRI/,"https://www.google.com/maps/place/Fancy+Paws+Pet+Salon/@41.8271072,-71.4438076,14z/data=!4m8!1m2!2m1!1sFancy+Paws+Pet+Salon!3m4!1s0x89e445afa427b327:0x7b42576d3fdf2830!8m2!3d41.8271072!4d-71.4438076",https://lh3.googleusercontent.com/gps-cs-s/AHVAwepROwNi0FIULazJcne3w87wlymyZWMSXVczxXpTLtmXa1MvbXCbWTx05C1QbTSuEDaHBLZjKq_9Fw7sYZbe2dJVcHjtQEvo2RWEPbGLIcDXMBz7Oab-usu5J01mM5AiuFVRCxrUAQ=w800-h500-k-no,"Monday: 10AM–1PM, Tuesday: Closed, Wednesday: Closed, Thursday: Closed, Friday: 10AM–2PM, Saturday: 10AM–5:30PM, Sunday: 10AM–5:30PM",,,Full-Service Salon,,4.5,42.0,Active,False,2026-04-01,41.8271072,-71.4438076
Puppy La Peu,puppy-la-peu-pawtucket-ri,"{""From the business"": {""Identifies as women-owned"": true}, ""Accessibility"": {""Wheelchair accessible entrance"": true, ""Wheelchair accessible parking lot"": true}, ""Payments"": {""Debit cards"": true, ""Credit cards"": true}, ""Other"": {""Identifies as women-owned"": true}}",160 Smithfield Ave,Pawtucket,Rhode Island,2860,(401) 475-8061,https://www.facebook.com/puppylapeu/,"https://www.google.com/maps/place/Puppy+La+Peu/@41.8634151,-71.4122482,14z/data=!4m8!1m2!2m1!1sPuppy+La+Peu!3m4!1s0x89e44493f9e3aa07:0x7fa5cbb8545df981!8m2!3d41.8634151!4d-71.4122482",https://lh3.googleusercontent.com/gps-cs-s/AHVAweqA9HgsqMVTz0coVi95tt6gNIcRBZ4U9X6wqpgJdL2QtuZw9UUULAYPjMkV45Tr8DCNmiv7TC6ouf39nGp6s8_dWHTSbj_tCLSV4L06oQPaQj2y_nLcEUtKB7v0gDz8o95kOBHByQ=w800-h500-k-no,"Monday: Closed, Tuesday: 9AM–6PM, Wednesday: 9AM–5PM, Thursday: 9AM–6PM, Friday: 9AM–6PM, Saturday: 9AM–6PM, Sunday: Closed",Puppy First Groom,Puppy First Groom,Full-Service Salon,,4.6,145.0,Active,False,2026-04-01,41.8634151,-71.4122482
Friends of Toto,friends-of-toto-pawtucket-ri,"{""Accessibility"": {""Wheelchair accessible entrance"": false}}",245 Esten Ave a,Pawtucket,Rhode Island,2860,(401) 722-8686,https://www.friendsoftoto.com/,"https://www.google.com/maps/place/Friends+of+Toto/@41.8613438,-71.4020467,14z/data=!4m8!1m2!2m1!1sFriends+of+Toto!3m4!1s0x89e444bc26a161a1:0xb8d12001523f4e44!8m2!3d41.8613438!4d-71.4020467",https://lh3.googleusercontent.com/gps-cs-s/AHVAwerFDIQS3fT9QeRH9BUpEom6-7JTawpwZ87XmwubqTraOOOCX-fGLzkiKQNNJm4x9iy_iTRe8Z3cZ3zCztJYf-oIlNAhfV48u8WKNrftnsS6w4_K8CWgLLyhKFVyBV700FqxcFanpg=w800-h500-k-no,Daily: Open 24 hours,,,Full-Service Salon,,4.6,172.0,Active,False,2026-04-01,41.8613438,-71.4020467
All 4 Paws- Pawtucket,all-4-paws-pawtucket-pawtucket-ri,,65 Patterson Ave,Pawtucket,Rhode Island,2860,(401) 386-9875,https://www.all4pawsri.com/,"https://www.google.com/maps/place/All+4+Paws-+Pawtucket/@41.865029,-71.401777,14z/data=!4m8!1m2!2m1!1sAll+4+Paws-+Pawtucket!3m4!1s0x89e44592fe4883c5:0xd97cddd05f5468c5!8m2!3d41.865029!4d-71.401777",https://lh3.googleusercontent.com/gps-cs-s/AHVAwer5QMfuJ7WNfdbOagptbyq5bHdtc81oPSBhbxjUQQRibWyVWVwspTP0Na8q45t1IH3Wh8homUA0X5FLj8Rxm3WodpUEzmzveNcNzASZ-LBkxExZpENBIZ5UaXa0HF268QfUke_fTMuAbwlQ=w800-h500-k-no,"Monday: Closed, Tuesday: 8AM–4PM, Wednesday: 8AM–4PM, Thursday: 8AM–4PM, Friday: 8AM–4PM, Saturday: 8AM–4PM, Sunday: Closed",,,Full-Service Salon,,5.0,6.0,Active,False,2026-04-01,41.865029,-71.401777
Petco Grooming,petco-grooming-north-kingstown-ri,"{""Service options"": {""Onsite services"": true}, ""Accessibility"": {""Wheelchair accessible entrance"": true, ""Wheelchair accessible parking lot"": true}, ""Crowd"": {""LGBTQ+ friendly"": true, ""Transgender safespace"": true}, ""Planning"": {""Accepts walk-ins"": true}, ""Payments"": {""Credit cards"": true, ""Debit cards"": true, ""NFC mobile payments"": true}, ""Other"": {""LGBTQ+ friendly"": true}}",1007 Ten Rod Rd Unit A-1,North Kingstown,Rhode Island,2852,(401) 372-9971,https://stores.petco.com/ri/northkingstown/full-service-grooming-northkingstown-ri-3759.html,"https://www.google.com/maps/place/Petco+Grooming/@41.581664599999996,-71.4930035,14z/data=!4m8!1m2!2m1!1sPetco+Grooming!3m4!1s0x89e5b6a76d81196d:0x644ea4891bf0b6f4!8m2!3d41.581664599999996!4d-71.4930035",https://lh3.googleusercontent.com/gps-cs-s/AHVAwepL4i9QxddrkL9agBCN1MjzVfocS6qbV7m305zP9o8YBf8I5vSp8HT7RCobawF9P42pbo7BEtBmrblylWvt_SvOz7Ff6zyK_c3cTngmVXocXJiJE8wqnGSj8Tu20-uc-l-6TujyTA=w800-h500-k-no,"Monday: 8AM–6PM, Tuesday: 8AM–6PM, Wednesday: 8AM–6PM, Thursday: 8AM–6PM, Friday: 8AM–6PM, Saturday: 8AM–6PM, Sunday: 9AM–6PM",,,Pet Store with Grooming,,4.6,60.0,Active,False,2026-04-01,41.5816646,-71.4930035
The Gnarly Dog,the-gnarly-dog-narragansett-ri,"{""Accessibility"": {""Wheelchair accessible entrance"": true, ""Wheelchair accessible parking lot"": true}}",1153 Boston Neck Rd,Narragansett,Rhode Island,2882,(401) 284-1477,http://thegnarlydog.com/,"https://www.google.com/maps/place/The+Gnarly+Dog/@41.489021,-71.437431,14z/data=!4m8!1m2!2m1!1sThe+Gnarly+Dog!3m4!1s0x89e5ba7ba0311fe7:0xa77657908ed14566!8m2!3d41.489021!4d-71.437431",https://lh3.googleusercontent.com/gps-cs-s/AHVAweokR9rB_QjWXy3IuwwkgQNdb4OgOYO3O6oT4gTxFbs-NapdLLtLtxhaKWeCew5KDzQLWgMoSmuIv8NA2SlTJEFDeGddQ7SOIFMiEXr4GllLf_zBBYoQBWEVWNnSBytW0wKzARvwGg=w800-h500-k-no,"Monday: 7AM–7PM, Tuesday: 7AM–7PM, Wednesday: 7AM–7PM, Thursday: 7AM–7PM, Friday: 7AM–7PM, Saturday: 10AM–5PM, Sunday: Closed",,,Full-Service Salon,,4.8,103.0,Active,False,2026-04-01,41.489021,-71.437431
Mini Manor Kennel,mini-manor-kennel-saunderstown-ri,"{""Accessibility"": {""Wheelchair accessible entrance"": true, ""Wheelchair accessible parking lot"": true}}",1011 Shermantown Rd,Saunderstown,Rhode Island,2874,(401) 295-1222,http://minimanorkennel.com/,"https://www.google.com/maps/place/Mini+Manor+Kennel/@41.515590599999996,-71.4973297,14z/data=!4m8!1m2!2m1!1sMini+Manor+Kennel!3m4!1s0x89e5b75ccdb8af01:0x2eeb3871ce2ce4cb!8m2!3d41.515590599999996!4d-71.4973297",https://lh3.googleusercontent.com/gps-cs-s/AHVAweo4JJK1P-whoS8imDg1qtgkhPabPrp3q5iL0AY5rYRWV4TFGkPyfN3OajwXEhboOrcMhoUvYblglSSY6AKhQVmkacm84NN0jldCcdCn5RnwVqlKXEvoHigv59eCYjA-4MIizIYrBQ=w800-h500-k-no,"Monday: 9AM–5PM, Tuesday: 9AM–5PM, Wednesday: 9AM–5PM, Thursday: 9AM–5PM, Friday: 9AM–5PM, Saturday: 9AM–5PM, Sunday: 12–1PM & 5–6PM",,,Full-Service Salon,,4.9,65.0,Active,False,2026-04-01,41.5155906,-71.4973297
That's My Dog!,that-s-my-dog-narragansett-ri,"{""Accessibility"": {""Wheelchair accessible parking lot"": true}, ""Payments"": {""Credit cards"": true, ""Debit cards"": true, ""NFC mobile payments"": true}, ""Parking"": {""Free parking lot"": true, ""On-site parking"": true}}",148 Boon St,Narragansett,Rhode Island,2882,(401) 206-1848,https://bizb.net/explore/thats-my-dog/,"https://www.google.com/maps/place/That%27s+My+Dog%21/@41.4257071,-71.45938919999999,14z/data=!4m8!1m2!2m1!1sThat%27s+My+Dog%21!3m4!1s0x89e5bb72569716d1:0x88622af329be0b5!8m2!3d41.4257071!4d-71.45938919999999",https://lh3.googleusercontent.com/gps-cs-s/AHVAweo0QK5Lpdat5I5VAdihmnq8IIgNu6XwSTwZ16EWTqPyOO3v7mgG2c2uppQKLhAblDMZXoftrLA5-_W2B2F7mBZz8zjYIdDqCl1cCrn5qb_NdmFjPhuDEbj-N0jHCd__m49KZiYU=w800-h500-k-no,"Monday: Closed, Tuesday: 9AM–3PM, Wednesday: 9AM–3PM, Thursday: 9AM–3PM, Friday: 9AM–3PM, Saturday: 7:30AM–4PM, Sunday: Closed",,,Full-Service Salon,,4.5,25.0,Active,False,2026-04-01,41.4257071,-71.45938919999999
Joyful Grooming,joyful-grooming-exeter-ri,"{""Accessibility"": {""Wheelchair accessible parking lot"": true}}",567 S County Trail Suite 303,Exeter,Rhode Island,2822,(401) 585-7790,http://www.joyfulgrooming.com/,"https://www.google.com/maps/place/Joyful+Grooming/@41.5283236,-71.5529628,14z/data=!4m8!1m2!2m1!1sJoyful+Grooming!3m4!1s0x89e44ccf358af19d:0x303fae38ea1e68b8!8m2!3d41.5283236!4d-71.5529628",https://lh3.googleusercontent.com/gps-cs-s/AHVAweocy4zigJtPc3B8N4E553u8ml1zN-U7dV2phUcgK1OIYjuOcghzz7H_kJBEctiAEnvoihdmsxFbSSUYqca2k6U_Dv-fJ1qi49a_cN_jqeKdI9wHoxpa_i7bckl27yZYmFIg2ZP7=w800-h500-k-no,"Monday: Closed, Tuesday: 8AM–4PM, Wednesday: 8AM–4PM, Thursday: 8AM–4PM, Friday: 8AM–4PM, Saturday: 8AM–4PM, Sunday: Closed",,,Full-Service Salon,,4.4,48.0,Active,False,2026-04-01,41.5283236,-71.5529628
Shedd Dog Grooming Spa,shedd-dog-grooming-spa-warwick-ri,"{""From the business"": {""Identifies as women-owned"": true}, ""Accessibility"": {""Wheelchair accessible parking lot"": true, ""Wheelchair accessible seating"": true}, ""Amenities"": {""Gender-neutral restroom"": true}, ""Crowd"": {""LGBTQ+ friendly"": true, ""Transgender safespace"": true}, ""Payments"": {""Credit cards"": true, ""Debit cards"": true, ""NFC mobile payments"": true}, ""Other"": {""LGBTQ+ friendly"": true, ""Identifies as women-owned"": true}}",2434 W Shore Rd,Warwick,Rhode Island,2889,(401) 799-0434,https://www.shedddoggroomingspa.com/,"https://www.google.com/maps/place/Shedd+Dog+Grooming+Spa/@41.7036022,-71.4105943,14z/data=!4m8!1m2!2m1!1sShedd+Dog+Grooming+Spa!3m4!1s0x89e44dc1507a7823:0x3af67df6aa131146!8m2!3d41.7036022!4d-71.4105943",https://lh3.googleusercontent.com/gps-cs-s/AHVAweoFNzx26KHokczzgQFe1av0aCIAKWoAjDoWkKx7tarl21Rfp-iW0BoWPuoPVVYHxHSgg0WmmAbFtk19o_ulTlJ5b7sTkYG5B_IoqZqpDqzAP2nyEfRYdoYxi8lqExbl3iT0GwDjtFhD25WB=w800-h500-k-no,"Monday: Closed, Tuesday: 8AM–3PM, Wednesday: 8AM–3PM, Thursday: 8AM–3PM, Friday: 8AM–3PM, Saturday: 8AM–3PM, Sunday: Closed",,,Full-Service Salon,,4.8,28.0,Active,False,2026-04-01,41.7036022,-71.4105943
Enchanted Blue Groom Room LLC,enchanted-blue-groom-room-llc-warwick-ri,"{""Service options"": {""Language assistance"": ""English, Spanish""}, ""Accessibility"": {""Wheelchair accessible entrance"": true, ""Wheelchair accessible parking lot"": true}, ""Amenities"": {""Gender-neutral restroom"": true}, ""Crowd"": {""LGBTQ+ friendly"": true, ""Transgender safespace"": true}, ""Payments"": {""Credit cards"": true, ""Debit cards"": true}, ""Parking"": {""Free parking lot"": true, ""Free street parking"": true, ""On-site parking"": true}, ""Other"": {""LGBTQ+ friendly"": true}}",272 Pettaconsett Ave,Warwick,Rhode Island,2888,(401) 347-6977,https://book.squareup.com/appointments/it3q9w6vhy6om2/location/L4Z6TXANJ28WK/services,"https://www.google.com/maps/place/Enchanted+Blue+Groom+Room+LLC/@41.7469052,-71.4264316,14z/data=!4m8!1m2!2m1!1sEnchanted+Blue+Groom+Room+LLC!3m4!1s0x89e44f7a9194f785:0xbb69ff35acec0998!8m2!3d41.7469052!4d-71.4264316",https://lh3.googleusercontent.com/gps-cs-s/AHVAwerCbCxro3o1Rkiw1jPX4Sb76bQ-hUO13xmGfmSdXzMmhA5k7Yh35am6g-LOaYJWcZZ5kQfHVAwN5TUJgu4BeYZVdliOqoOcPiDWWTv9EQPJqd5yLUwtlLFBDyqN8S_vkI_bEZ-Je3PBa88=w800-h500-k-no,,,,Full-Service Salon,,,,Active,False,2026-04-01,41.7469052,-71.4264316
Groomingdales Pet Salon,groomingdales-pet-salon-cranston-ri,"{""Accessibility"": {""Wheelchair accessible parking lot"": true}}",340 Budlong Rd,Cranston,Rhode Island,2920,(401) 946-0077,https://www.facebook.com/groomingdalespetsaloncranstonRI/,"https://www.google.com/maps/place/Groomingdales+Pet+Salon/@41.773938,-71.457084,14z/data=!4m8!1m2!2m1!1sGroomingdales+Pet+Salon!3m4!1s0x89e44f216550b3fb:0x583d1c537af8786e!8m2!3d41.773938!4d-71.457084",https://lh3.googleusercontent.com/gps-cs-s/AHVAweocs5z6iEgaYQm-1Ub4ZlZ8Hmc7Me8FMYqw9IrO3a6VHdb2sy-hIEyuFrZmrsbuVlICZX2U44vVXiffuvC6Fx5MOwemTpSyIVIGgi5muS7yFRlNxKAu4QWXE6YDbjx4VVu7BD_UpQ=w800-h500-k-no,"Monday: Closed, Tuesday: Closed, Wednesday: 9:30AM–2PM, Thursday: 9:30AM–2PM, Friday: 9:30AM–2PM, Saturday: 9AM–5PM, Sunday: Closed",,,Full-Service Salon,,4.6,49.0,Active,False,2026-04-01,41.773938,-71.457084
Petco Grooming,petco-grooming-cranston-ri,"{""Service options"": {""Onsite services"": true}, ""Accessibility"": {""Wheelchair accessible entrance"": true, ""Wheelchair accessible parking lot"": true}, ""Crowd"": {""LGBTQ+ friendly"": true, ""Transgender safespace"": true}, ""Planning"": {""Accepts walk-ins"": true}, ""Payments"": {""Credit cards"": true, ""Debit cards"": true, ""NFC mobile payments"": true}, ""Other"": {""LGBTQ+ friendly"": true}}",10 Chapel View Blvd b-3a,Cranston,Rhode Island,2920,(401) 943-0210,https://stores.petco.com/ri/cranston/full-service-grooming-cranston-ri-3705.html,"https://www.google.com/maps/place/Petco+Grooming/@41.7546684,-71.46017069999999,14z/data=!4m8!1m2!2m1!1sPetco+Grooming!3m4!1s0x89e44fcfdfae590b:0x5f19bad2caea54d3!8m2!3d41.7546684!4d-71.46017069999999",https://lh3.googleusercontent.com/gps-cs-s/AHVAweo79l9OqCeZvJh2gHnMAhrZMHq876VQGkEM6X-OcamYaJ_cThLiLduVmZtmECarvzMZ3t9YRme9nh6zLgeCIXmQyH8QlzzzyGPY9gBMzKzGHtORaVxOLEgE7c3E3Zp8lagUyOzy=w800-h500-k-no,"Monday: 8AM–6PM, Tuesday: 8AM–6PM, Wednesday: 8AM–6PM, Thursday: 8AM–6PM, Friday: 8AM–6PM, Saturday: 8AM–6PM, Sunday: 9AM–6PM",,,Pet Store with Grooming,,4.5,80.0,Active,False,2026-04-01,41.7546684,-71.46017069999999
Groomed By Becca RI LLC,groomed-by-becca-ri-llc-cranston-ri,"{""From the business"": {""Identifies as women-owned"": true}, ""Accessibility"": {""Wheelchair accessible parking lot"": true}, ""Other"": {""Identifies as women-owned"": true}}",505 Atwood Ave #1B,Cranston,Rhode Island,2920,(401) 649-2145,https://booking.moego.pet/go/%3Fname%3DGroomedByBecca,"https://www.google.com/maps/place/Groomed+By+Becca+RI+LLC/@41.7897987,-71.47170249999999,14z/data=!4m8!1m2!2m1!1sGroomed+By+Becca+RI+LLC!3m4!1s0x89e44f7f2a6dbdbb:0x5f4d7a1f800ce658!8m2!3d41.7897987!4d-71.47170249999999",https://lh3.googleusercontent.com/gps-cs-s/AHVAweoAv5fvw56CI73HXQByw5JR8xZDeg0MKYW9ITa92aNLJxFjZGgW2vl6mEYL4R9Aso6qQi1SY7Xx3b0QBU9Imw8OBD4I-d0uo7oy-ibHM8h78D91weXv2m6gjhLWbTjnrS0LRCxa=w800-h500-k-no,"Monday: Closed, Tuesday: 10AM–5PM, Wednesday: 10AM–5PM, Thursday: 10AM–5PM, Friday: 10AM–5PM, Saturday: 10AM–5PM, Sunday: Closed",,,Full-Service Salon,,4.2,5.0,Active,False,2026-04-01,41.7897987,-71.47170249999999
The Gilded Paw,the-gilded-paw-cranston-ri,"{""Accessibility"": {""Wheelchair accessible parking lot"": true, ""Wheelchair accessible restroom"": false, ""Wheelchair accessible seating"": false}, ""Crowd"": {""LGBTQ+ friendly"": true, ""Transgender safespace"": true}, ""Payments"": {""Credit cards"": true, ""Debit cards"": true}, ""Parking"": {""Free street parking"": true, ""On-site parking"": true}, ""Other"": {""LGBTQ+ friendly"": true}}",145 Park Forest Rd,Cranston,Rhode Island,2920,(401) 450-7015,https://thegildedpawri.com/,"https://www.google.com/maps/place/The+Gilded+Paw/@41.7596243,-71.4695365,14z/data=!4m8!1m2!2m1!1sThe+Gilded+Paw!3m4!1s0x89e44f98e41bd047:0x4fc8894ec447e84!8m2!3d41.7596243!4d-71.4695365",https://lh3.googleusercontent.com/gps-cs-s/AHVAwerMn7x0P41EvYgk5WBFPziTj1Nj1kZW12FHMP3N5ycRcDmgVtp1ds1Msmm70ZjJQQXRKZEgDDlXG59pkKOmjBdvbPzxZ6V_64hFsVdtNAQ1LTS4GTieU0alEN2rl1zw5rUOE1nlbBIVCd_6=w800-h500-k-no,"Monday: 7AM–4PM, Tuesday: 7AM–4PM, Wednesday: 7AM–4PM, Thursday: 7AM–4PM, Friday: Closed, Saturday: Closed, Sunday: Closed",,,Full-Service Salon,,5.0,2.0,Active,False,2026-04-01,41.7596243,-71.4695365
Pet Supplies Plus Cranston Grooming,pet-supplies-plus-cranston-grooming-cranston-ri,"{""Accessibility"": {""Wheelchair accessible parking lot"": true}}",171 Sockanosset Cross Rd,Cranston,Rhode Island,2920,(401) 944-5858,https://www.petsuppliesplus.com/dog-grooming,"https://www.google.com/maps/place/Pet+Supplies+Plus+Cranston+Grooming/@41.7567202,-71.457162,14z/data=!4m8!1m2!2m1!1sPet+Supplies+Plus+Cranston+Grooming!3m4!1s0x89e44fdede91dc61:0x89ce9cfeca847615!8m2!3d41.7567202!4d-71.457162",https://streetviewpixels-pa.googleapis.com/v1/thumbnail?panoid=RfNqIhMoXDMNKGVvf9Ex8g&cb_client=search.gws-prod.gps&w=800&h=500&yaw=15.831697&pitch=0&thumbfov=100,"Monday: 9AM–9PM, Tuesday: 9AM–9PM, Wednesday: 9AM–9PM, Thursday: 9AM–9PM, Friday: 9AM–9PM, Saturday: 9AM–9PM, Sunday: 10AM–6PM",,,Pet Store with Grooming,,,,Active,False,2026-04-01,41.7567202,-71.457162
Grooming Tails,grooming-tails-smithfield-ri,"{""Service options"": {""Onsite services"": true}, ""Accessibility"": {""Wheelchair accessible entrance"": true, ""Wheelchair accessible parking lot"": true}}",115 Pleasant View Ave,Smithfield,Rhode Island,2917,(401) 728-1290,https://groomingtailsri.groomore.com/,"https://www.google.com/maps/place/Grooming+Tails/@41.8839566,-71.54034639999999,14z/data=!4m8!1m2!2m1!1sGrooming+Tails!3m4!1s0x89e4473c799ae74f:0xefd9d846fdd17663!8m2!3d41.8839566!4d-71.54034639999999",https://lh3.googleusercontent.com/gps-cs-s/AHVAwersIsWBKyBU1tmNk-1qKUPDJ3khCUmrPPIV4rOsUqfYWqadVeSaTTpsc-UqpYZZ6jbUchBSBLrfftzLxM_pYgggpZGwZx1w83PqgOdyZjF9t5ZLR_I8Cgwmc3paJjMpF6YDOTYC=w800-h500-k-no,"Monday: Closed, Tuesday: 8AM–6PM, Wednesday: 9AM–12AM, Thursday: 12–7AM & 8AM–12AM, Friday: 12–6AM & 8AM–12AM, Saturday: 12–6AM & 8AM–12AM, Sunday: 12–6AM",,,Full-Service Salon,,4.5,108.0,Active,False,2026-04-01,41.8839566,-71.54034639999999
Dtails Pet Grooming & Nutrition,dtails-pet-grooming-nutrition-smithfield-ri,"{""From the business"": {""Identifies as women-owned"": true}, ""Service options"": {""Onsite services"": true}, ""Accessibility"": {""Wheelchair accessible parking lot"": true}, ""Crowd"": {""LGBTQ+ friendly"": true}, ""Payments"": {""Credit cards"": true, ""Debit cards"": true, ""NFC mobile payments"": true}, ""Other"": {""LGBTQ+ friendly"": true, ""Identifies as women-owned"": true}}",265 Putnam Pike,Smithfield,Rhode Island,2917,(401) 233-8245,http://dtailsri.com/,"https://www.google.com/maps/place/Dtails+Pet+Grooming+%26+Nutrition/@41.8689551,-71.50762019999999,14z/data=!4m8!1m2!2m1!1sDtails+Pet+Grooming+%26+Nutrition!3m4!1s0x89e446eeac4a1131:0x348e6a22d9bfc4af!8m2!3d41.8689551!4d-71.50762019999999",https://lh3.googleusercontent.com/gps-cs-s/AHVAweoV45xMZntJTCqQgR0E-jo6ZYXHiUaF-0-poIvybDnvS0JgHj3yGMZJrNSeQN1lZ2lkH1nuDwL2Ks-q_kZq_4PdyxYAWFa-eyGc36asEfYiI1osFs8uIP6i1yUTy_Pe2OJfCTkH=w800-h500-k-no,"Monday: Closed, Tuesday: 7AM–4PM, Wednesday: 7AM–4PM, Thursday: 7AM–4PM, Friday: 7AM–4PM, Saturday: 7AM–4PM, Sunday: Closed",Full Grooming,,Pet Store with Grooming,,4.8,486.0,Active,False,2026-04-01,41.8689551,-71.50762019999999
Petco Grooming,petco-grooming-smithfield-ri,"{""Service options"": {""Onsite services"": true}, ""Accessibility"": {""Wheelchair accessible entrance"": true, ""Wheelchair accessible parking lot"": true}, ""Crowd"": {""LGBTQ+ friendly"": true, ""Transgender safespace"": true}, ""Planning"": {""Accepts walk-ins"": true}, ""Payments"": {""Credit cards"": true, ""Debit cards"": true, ""NFC mobile payments"": true}, ""Other"": {""LGBTQ+ friendly"": true}}",371 Putnam Pike,Smithfield,Rhode Island,2917,(401) 757-2015,https://stores.petco.com/ri/smithfield/full-service-grooming-smithfield-ri-3748.html,"https://www.google.com/maps/place/Petco+Grooming/@41.873801799999995,-71.5194708,14z/data=!4m8!1m2!2m1!1sPetco+Grooming!3m4!1s0x89e4473218f6d65d:0xc7c03d724e6d0d6d!8m2!3d41.873801799999995!4d-71.5194708",https://lh3.googleusercontent.com/gps-cs-s/AHVAweoIHIrNJ7HuOLvXH4hCeYinWSR9ZlBCxQguiV7zzLAbgQRg2sxrRfXnKGaunWCQ_DkhS5kpoegVCcm3s9C0mKRhJIPLPOJf6VHQB11SHevW9_5gfymbb4D3doTacNALo_hjw10=w800-h500-k-no,"Monday: 8AM–6PM, Tuesday: 8AM–6PM, Wednesday: 8AM–6PM, Thursday: 8AM–6PM, Friday: 8AM–6PM, Saturday: 8AM–6PM, Sunday: 9AM–6PM",,,Pet Store with Grooming,,4.7,74.0,Active,False,2026-04-01,41.8738018,-71.5194708
Olive's Pet Grooming,olive-s-pet-grooming-smithfield-ri,Olive's Pet Grooming is a certified dog and cat groomer since 2008. Artistic and experienced grooming for your pet.,375 Putnam Pike,Smithfield,Rhode Island,2917,(401) 572-1332,https://olivespetgrooming.com/,"https://www.google.com/maps/place/Olive%27s+Pet+Grooming/@41.8707777,-71.52310829999999,14z/data=!4m8!1m2!2m1!1sOlive%27s+Pet+Grooming!3m4!1s0x89e447e69eff6bdb:0x9e2b5896df98ebef!8m2!3d41.8707777!4d-71.52310829999999",https://lh3.googleusercontent.com/gps-cs-s/AHVAweqUeVH0M2sm-xcLPhp0SdlMMDchWDJoPlgyDgCoYFR3tQodMmbsnP96KGSBTKA73S91STlt_QSjnpvpmppPJK-eCTeXCWBSknmWMTXUCfU4ljSBomtAM7RhwrSOzYdshgyZNNCuNDz9U18=w800-h500-k-no,"Monday: Closed, Tuesday: 10AM–4PM, Wednesday: 8AM–4PM, Thursday: 8AM–4PM, Friday: 8AM–4PM, Saturday: 8AM–4PM, Sunday: Closed",Cat Grooming,Cat Grooming,Full-Service Salon,,4.8,18.0,Active,False,2026-04-01,41.8707777,-71.52310829999999
Underdogs Grooming,underdogs-grooming-lincoln-ri,"{""From the business"": {""Identifies as women-owned"": true}, ""Service options"": {""Onsite services"": true, ""Language assistance"": ""English""}, ""Accessibility"": {""Wheelchair accessible parking lot"": true}, ""Crowd"": {""LGBTQ+ friendly"": true, ""Transgender safespace"": true}, ""Payments"": {""Credit cards"": true, ""Debit cards"": true}, ""Parking"": {""Free parking lot"": true}, ""Other"": {""LGBTQ+ friendly"": true, ""Identifies as women-owned"": true}}",184 Front St,Lincoln,Rhode Island,2865,(401) 259-2559,http://www.underdogsri.com/,"https://www.google.com/maps/place/Underdogs+Grooming/@41.904385999999995,-71.40753099999999,14z/data=!4m8!1m2!2m1!1sUnderdogs+Grooming!3m4!1s0x89e443ba90662587:0x9e67087c3fd4715f!8m2!3d41.904385999999995!4d-71.40753099999999",https://lh3.googleusercontent.com/gps-cs-s/AHVAwerrvSsWDt7-j-2p81Iyx9B6c5ggTIpxrHFQravWRtw2jMXrWdcij2F1Y09ZVbGrAMDh_EC0j7n7qzSIQ2zYdi8D97Hacl3yhhg0P77bG2QXBGs3GB1iz9TYaU_BwPVelnRiJKH-Hh-oDfT_=w800-h500-k-no,"Monday: 7AM–2PM, Tuesday: 7AM–2PM, Wednesday: Closed, Thursday: 7AM–2PM, Friday: 7AM–3PM, Saturday: 7AM–4PM, Sunday: Closed",Puppy First Groom,Puppy First Groom,Full-Service Salon,,4.9,30.0,Active,False,2026-04-01,41.904386,-71.40753099999999
Dtails Pet Grooming & Nutrition,dtails-pet-grooming-nutrition-cumberland-ri,"{""From the business"": {""Identifies as women-owned"": true}, ""Service options"": {""Onsite services"": true}, ""Accessibility"": {""Wheelchair accessible parking lot"": true}, ""Crowd"": {""LGBTQ+ friendly"": true}, ""Payments"": {""Credit cards"": true, ""Debit cards"": true, ""NFC mobile payments"": true}, ""Other"": {""LGBTQ+ friendly"": true, ""Identifies as women-owned"": true}}",1764 Mendon Rd #2,Cumberland,Rhode Island,2864,(401) 405-0778,https://dtailsri.com/,"https://www.google.com/maps/place/Dtails+Pet+Grooming+%26+Nutrition/@41.943898999999995,-71.436796,14z/data=!4m8!1m2!2m1!1sDtails+Pet+Grooming+%26+Nutrition!3m4!1s0x89e469a04cb5edc3:0xe876a00e14c669bd!8m2!3d41.943898999999995!4d-71.436796",https://lh3.googleusercontent.com/gps-cs-s/AHVAweqoCs7eKs49Ef758A3LRPnZ_WqGel56FtxevEV5D4gfVww6jhy6Y-3OjtPosaQj45DDT-B8QlV8zJ_iTaxsjNT49ZEzssEGNLXM_cfUUTdDiWRoEb9G-MlV7DKc0EuxhQmmaFI=w800-h500-k-no,"Monday: 10AM–5PM, Tuesday: 7AM–5PM, Wednesday: 7AM–5PM, Thursday: 7AM–5PM, Friday: 7AM–5PM, Saturday: 7AM–5PM, Sunday: Closed",Full Grooming,,Pet Store with Grooming,,4.8,184.0,Active,False,2026-04-01,41.94389899999999,-71.436796
Aunties Pet Spa,aunties-pet-spa-albion-ri,"{""Accessibility"": {""Wheelchair accessible parking lot"": true}}",42 Main St,Albion,Rhode Island,2802,(401) 205-2181,https://m.facebook.com/Groomer401,"https://www.google.com/maps/place/Aunties+Pet+Spa/@41.951535,-71.454696,14z/data=!4m8!1m2!2m1!1sAunties+Pet+Spa!3m4!1s0x89e44315f167e483:0x942b6d17eb5c24a4!8m2!3d41.951535!4d-71.454696",https://lh3.googleusercontent.com/gps-cs-s/AHVAwepyK0wBhgev84SB4SUds6xWmPcxFQS5hl4TzbKrDIwA_uFB2VxLqtQ50vNe5fsMyo7BG5_UITaxDc851pXbpS79MyPU12kKPlIvbZyr-kNVGol_xDq8edehMcip5qo0QtoCJUsg=w800-h500-k-no,"Monday: Closed, Tuesday: Closed, Wednesday: 9AM–6PM, Thursday: 9AM–4PM, Friday: 9AM–6PM, Saturday: 9AM–6PM, Sunday: 9AM–2PM",,,Pet Spa,,4.7,12.0,Active,False,2026-04-01,41.951535,-71.454696
Scavello Sisters Pet Supplies,scavello-sisters-pet-supplies-westerly-ri,"{""Service options"": {""Onsite services"": true}, ""Accessibility"": {""Wheelchair accessible parking lot"": true}}","Unit #6, 62 Franklin St",Westerly,Rhode Island,2891,(401) 699-4810,https://www.facebook.com/Grooming-with-Linda-at-Scavello-Sisters-Pet-supplies-102319001972381,"https://www.google.com/maps/place/Scavello+Sisters+Pet+Supplies/@41.3640111,-71.8145471,14z/data=!4m8!1m2!2m1!1sScavello+Sisters+Pet+Supplies!3m4!1s0x89e5e6e034cd8e45:0x18119c8072ae126e!8m2!3d41.3640111!4d-71.8145471",https://lh3.googleusercontent.com/gps-cs-s/AHVAwerZuz2FQTtkVIJAmwv788Aw3JExZnD9ZfTG_c5VWqU1kiSrJMTyz-qF6ppcM_e093_UBI5xmjY_DZnTGzmqoef3nJMv2kyLygJc0fjiq0rO2PWYop-OuSSMwHuU8LkdSsd-gNlP=w800-h500-k-no,,,,Full-Service Salon,,4.8,34.0,Active,False,2026-04-01,41.3640111,-71.8145471
Sables Salon,sables-salon-westerly-ri,"{""Accessibility"": {""Wheelchair accessible entrance"": true, ""Wheelchair accessible parking lot"": true}}",105 Franklin St,Westerly,Rhode Island,2891,(401) 596-9640,https://sablespetsalon.top/,"https://www.google.com/maps/place/Sables+Salon/@41.359578899999995,-71.812524,14z/data=!4m8!1m2!2m1!1sSables+Salon!3m4!1s0x89e5e702ed9f3907:0x5ae3f5a57459b317!8m2!3d41.359578899999995!4d-71.812524",https://lh3.googleusercontent.com/gps-cs-s/AHVAweq2DEwJUMh1jKu3HolEpiAxaI9G-CuaZYdMsRPeZ5-790P2JtYjTptxGvsA32AWAeUomKTNhLJQhx8095_Blk22t0_Rut-B-9ifJUECHBlMae7pyf-Ys66YFG1oZC615x_KD6NhUg=w800-h500-k-no,"Monday: Closed, Tuesday: 8AM–5PM, Wednesday: 8AM–5PM, Thursday: 8AM–5PM, Friday: 8AM–5PM, Saturday: 8AM–5PM, Sunday: Closed",,,Full-Service Salon,,4.3,35.0,Active,False,2026-04-01,41.3595789,-71.812524
Scott's Kennels,scott-s-kennels-north-stonington-ct,"Call Scott's Kennels at 860-599-5172 or visit 9 Ella Wheeler Rd, North Stonington, CT 06359.",9 Ella Wheeler Rd,North Stonington,Connecticut,6359,(860) 599-5172,https://www.scottskennels.net/,"https://www.google.com/maps/place/Scott%27s+Kennels/@41.4184731,-71.8430729,14z/data=!4m8!1m2!2m1!1sScott%27s+Kennels!3m4!1s0x89e5ddefe04bf8fb:0x7d54ebda128b3b7b!8m2!3d41.4184731!4d-71.8430729",https://lh3.googleusercontent.com/gps-cs-s/AHVAwer88mU80J3Z-PDFmv-2Nvqsv5bqZcqjN7PCcV9Am_yIa_xmIyIPGMB8MLAKDl5aUa0O44hnwfWDaHLKxxX8--sYcnO_hL8mxVFYM72sxEBFy8OcEvsJCugGQJkcqqug8KlWu7M=w800-h500-k-no,"Monday: 8AM–6PM, Tuesday: 8AM–6PM, Wednesday: 8AM–6PM, Thursday: 8AM–6PM, Friday: 8AM–6PM, Saturday: 8AM–4PM, Sunday: 8AM–2PM",,,Full-Service Salon,,4.8,120.0,Active,False,2026-04-01,41.4184731,-71.8430729
Creature Comforts Animal Inn,creature-comforts-animal-inn-north-stonington-ct,"{""Service options"": {""Onsite services"": true}, ""Accessibility"": {""Wheelchair accessible parking lot"": true}}",454 Providence-New London Turnpike,North Stonington,Connecticut,6359,(860) 400-5874,https://www.ccanimalinn.com/%3Futm_source%3Dgmb%26utm_medium%3DYext%26cp%3D8604005874%26y_source%3D1_NzQ2NDA5NTMtNzE1LWxvY2F0aW9uLndlYnNpdGU%253D,"https://www.google.com/maps/place/Creature+Comforts+Animal+Inn/@41.4352859,-71.82026809999999,14z/data=!4m8!1m2!2m1!1sCreature+Comforts+Animal+Inn!3m4!1s0x89e5ddafd3f1b1e3:0xcc0bc46689ff6ace!8m2!3d41.4352859!4d-71.82026809999999",https://lh3.googleusercontent.com/gps-cs-s/AHVAwergQzuU4K0FtnIU8VEXnp6sV98kMHL0l1AYw5T6tkRhHg5FcKGZwQ5AMzSjkyZJ1KiK0tmCgiIgop_EYqYHyC8HmodzHYirzhOd8GNTmK7PngSd4lABLFSs0wxRNvhJ4iVQO5gZBg=w800-h500-k-no,"Monday: 8AM–6PM, Tuesday: 8AM–6PM, Wednesday: 8AM–6PM, Thursday: 8AM–6PM, Friday: 8AM–6PM, Saturday: 8AM–6PM, Sunday: 8AM–4PM",,,Full-Service Salon,,4.8,322.0,Active,False,2026-04-01,41.4352859,-71.82026809999999
PetSmart Grooming,petsmart-grooming-westerly-ri,"{""Service options"": {""Onsite services"": true}, ""Accessibility"": {""Wheelchair accessible entrance"": true, ""Wheelchair accessible parking lot"": true}, ""Payments"": {""Credit cards"": true, ""Debit cards"": true, ""NFC mobile payments"": true}}",100 Franklin St Unit D,Westerly,Rhode Island,2891,(401) 326-9286,https://stores.petsmart.com/ri/westerly/westerly-ri/grooming%3Futm_source%3Dgoogle%26utm_medium%3Dorganic%26utm_campaign%3Dgoogle-my-business,"https://www.google.com/maps/place/PetSmart+Grooming/@41.3625294,-71.81025009999999,14z/data=!4m8!1m2!2m1!1sPetSmart+Grooming!3m4!1s0x89e5e75a9ae1cedb:0xe9e5fdc77be6de1d!8m2!3d41.3625294!4d-71.81025009999999",https://lh3.googleusercontent.com/gps-cs-s/AHVAwep-oOjw2IFQz9svJ60j3sBO3-OwUO9_-pGkYpMQzKg5oyq473bWfbSz-rBDuWA0rDPJAnV66njlwsF2nJRC71Gt54xHwd_xxysCKIgb-bfmUlcyuYywuHDXFdd7GgsKj_AuwKuh9A=w800-h500-k-no,"Monday: 7AM–8PM, Tuesday: 7AM–7PM, Wednesday: 7AM–7PM, Thursday: 7AM–7PM, Friday: 7AM–7PM, Saturday: 7AM–7PM, Sunday: 10AM–6PM",Ear Cleaning,,Pet Store with Grooming,,4.8,6.0,Active,False,2026-04-01,41.3625294,-71.81025009999999
All Fluffed Up Dog Grooming,all-fluffed-up-dog-grooming-moosup-ct,"{""From the business"": {""Identifies as women-owned"": true}, ""Accessibility"": {""Wheelchair accessible parking lot"": true}, ""Payments"": {""Credit cards"": true, ""Debit cards"": true}, ""Parking"": {""On-site parking"": true}, ""Other"": {""Identifies as women-owned"": true}}",241 Main St,Moosup,Connecticut,6354,(860) 564-3644,https://allfluffedupdoggroomingllc.groomore.com/,"https://www.google.com/maps/place/All+Fluffed+Up+Dog+Grooming/@41.7184181,-71.876721,14z/data=!4m8!1m2!2m1!1sAll+Fluffed+Up+Dog+Grooming!3m4!1s0x89e5d5b4f359ae27:0xd943c1fbe8403bd!8m2!3d41.7184181!4d-71.876721",https://lh3.googleusercontent.com/gps-cs-s/AHVAwepwk46wUkrsDiH_5Pl7aFKSvyeZfvnnoG9t7UKv4Pi-GG7ZfGZvQTR3W06BNOn5dQHzivnsIkLv5rnIkzwt41UAd6v2NazgZelsX_nMz490lVlhB_vxYI40aS-dJEo06cm_JnMC8umydhRX=w800-h500-k-no,"Monday: 8AM–4PM, Tuesday: 9AM–5PM, Wednesday: Closed, Thursday: 8AM–5PM, Friday: 8AM–5PM, Saturday: 9AM–4PM, Sunday: Closed",,,Full-Service Salon,,5.0,9.0,Active,False,2026-04-01,41.7184181,-71.876721
Black Dog Grooming Salon (Griswold),black-dog-grooming-salon-griswold-griswold-ct,,24 Shore Dr,Griswold,Connecticut,6351,(860) 349-5638,https://www.blackdoggroomer.com/,"https://www.google.com/maps/place/Black+Dog+Grooming+Salon+%28Griswold%29/@41.561300599999996,-71.8795951,14z/data=!4m8!1m2!2m1!1sBlack+Dog+Grooming+Salon+%28Griswold%29!3m4!1s0x89e5d946721207a9:0xf755265fe411e817!8m2!3d41.561300599999996!4d-71.8795951",https://lh3.googleusercontent.com/gps-cs-s/AHVAweozbrPn2H4Ki3qnYp5fWDyvd-i7Z3Ie43cWohg5_rcChXIeRqF3vXvBkZube4FFh7iPOsuqPsNhYOuh0HqBmjIC20Mpfp0aUSTwCvhnA_s8rRci6Ra-rM4xtZkqTDj4Q-nWfQ=w800-h500-k-no,,,,Full-Service Salon,,5.0,14.0,Active,False,2026-04-01,41.5613006,-71.8795951
Perfect Fur Salon,perfect-fur-salon-white-river-junction-vt,"{""Accessibility"": {""Wheelchair accessible entrance"": true, ""Wheelchair accessible parking lot"": true}, ""Payments"": {""Credit cards"": true, ""Debit cards"": true, ""NFC mobile payments"": true}}",676 Hartford Ave.,White River Junction,Vermont,5001,(802) 698-2635,http://www.perfectfursalon.com/,"https://www.google.com/maps/place/Perfect+Fur+Salon/@43.658089,-72.3155276,14z/data=!4m8!1m2!2m1!1sPerfect+Fur+Salon!3m4!1s0x4cb4c427377df601:0x73b412d8f6f0f163!8m2!3d43.658089!4d-72.3155276",https://lh3.googleusercontent.com/gps-cs-s/AHVAweq7X4MYsR7ikQyXl-CpPrdKfspLcXlMCxBN2B8Gu7eDrFBMCfad9vEGbMlLE8gEtuTLm_SXuMXZQi1QTN1sGZVG7GrlPoG9bXlEj-vfcKDFzjke-9J9eR9cib8PfLeuaib3MDhmjA=w800-h500-k-no,"Monday: 9AM–4PM, Tuesday: 9AM–4PM, Wednesday: 9AM–4PM, Thursday: 9AM–4PM, Friday: 9AM–4PM, Saturday: 9AM–3:30PM, Sunday: Closed",,,Full-Service Salon,,4.7,23.0,Active,False,2026-04-01,43.658089,-72.3155276
Paw-fect Cuts Mobile Dog Grooming,paw-fect-cuts-mobile-dog-grooming-fall-river-ma,"{""Accessibility"": {""Wheelchair accessible parking lot"": true}}",121 Seaward Ln,Fall River,Massachusetts,2720,(774) 955-7508,https://www.facebook.com/pg/PawFectCutsMobileGrooming/posts/%3Fref%3Dpage_internal,"https://www.google.com/maps/place/Paw-fect+Cuts+Mobile+Dog+Grooming/@41.7624241,-71.11404,14z/data=!4m8!1m2!2m1!1sPaw-fect+Cuts+Mobile+Dog+Grooming!3m4!1s0x89e4f7d039270f53:0x54333ea16a48de9f!8m2!3d41.7624241!4d-71.11404",https://lh3.googleusercontent.com/gps-cs-s/AHVAweo5dUIbS8LSD8_gsvkhUCes2vPDpShVHDL1RQ_2tsukBLSlT525vY91BiRZgOWAU_n_yCJJmN8lyB0SrzYtRH0tx_fJCVoUBRxWt-I0H_gQYenDNXSXT4ohIReatmx1JoYFmHCw=w800-h500-k-no,Wednesday: 8AM–5PM,,,Full-Service Salon,,5.0,,Active,False,2026-04-01,41.7624241,-71.11404
"Chibi's Choice Dog Grooming, Daycare & Supply",chibi-s-choice-dog-grooming-daycare-supply-rumford-ri,"Services & Booking Reviews New to Chibi's Choice? Sign up! Gift Cards Services can take three or four hours (could be more on a Sunday) depending on how busy we are and how your pup responds to the service. We always aim for less and usually, it takes around 2.5 hours. All prices are based…",141 Newport Ave,Rumford,Rhode Island,2916,(401) 229-3460,http://chibischoice.com/,"https://www.google.com/maps/place/Chibi%27s+Choice+Dog+Grooming%2C+Daycare+%26+Supply/@41.8553552,-71.3549221,14z/data=!4m8!1m2!2m1!1sChibi%27s+Choice+Dog+Grooming%2C+Daycare+%26+Supply!3m4!1s0x89e45b2f8ea4ecbb:0x435965cd3625989b!8m2!3d41.8553552!4d-71.3549221",https://lh3.googleusercontent.com/gps-cs-s/AHVAwerioFqn4P1V6WPhh31OR39fWzmor5rMTasWhLTz1hJqJZ8813QXGnnw0GhoQIoxa3j2D_3R-krjcgM9jGX3iRpM1WWeRu6_sSFNeQrpNCwr6djLFaHoXIoafxgBnQbYgJMutMiJlw=w800-h500-k-no,Wednesday: 8AM–4PM,,,Full-Service Salon,,4.7,,Active,False,2026-04-01,41.8553552,-71.3549221
